0,"[1, 0, 4, 2, 2, 0, 0, 0, 0, 2, 2, 1, 2, 1, 3, 0, 0, 4, 0, 2]","[0, 0, 1, 0, 0]","{'acc': 0.817, 'auc': 0.827, 'precision': 0.441, 'recall': 0.833, 'F1': 0.577, 'sens': 0.833, 'spec': 0.814, 'ppv': 0.441, 'npv': 0.965, 'b_acc': 0.823}"
1,"[3, 3, 0, 3, 0, 0, 0, 2, 0, 0, 2, 0, 1, 2, 2, 3, 2, 0, 2, 2]","[2, 2, 0, 1, 2]","{'acc': 0.8, 'auc': 0.837, 'precision': 0.421, 'recall': 0.889, 'F1': 0.571, 'sens': 0.889, 'spec': 0.784, 'ppv': 0.421, 'npv': 0.976, 'b_acc': 0.836}"
2,"[3, 0, 3, 0, 1, 0, 2, 2, 0, 1, 1, 2, 1, 1, 1, 2, 0, 2, 0, 2]","[0, 0, 0, 2, 0]","{'acc': 0.883, 'auc': 0.844, 'precision': 0.583, 'recall': 0.778, 'F1': 0.667, 'sens': 0.778, 'spec': 0.902, 'ppv': 0.583, 'npv': 0.958, 'b_acc': 0.84}"
4,"[3, 3, 2, 4, 3, 0, 2, 1, 0, 1, 1, 1, 2, 1, 1, 2, 1, 1, 0, 1]","[2, 0, 2, 2, 1]","{'acc': 0.883, 'auc': 0.794, 'precision': 0.6, 'recall': 0.667, 'F1': 0.632, 'sens': 0.667, 'spec': 0.922, 'ppv': 0.6, 'npv': 0.94, 'b_acc': 0.794}"
5,"[0, 1, 3, 1, 2, 0, 1, 0, 1, 2, 0, 2, 2, 2, 1, 0, 2, 1, 0, 0]","[0, 0, 3, 1, 2]","{'acc': 0.767, 'auc': 0.817, 'precision': 0.381, 'recall': 0.889, 'F1': 0.533, 'sens': 0.889, 'spec': 0.745, 'ppv': 0.381, 'npv': 0.974, 'b_acc': 0.817}"
6,"[0, 3, 2, 0, 3, 0, 0, 1, 2, 1, 2, 1, 0, 0, 0, 1, 1, 3, 1, 1]","[0, 1, 3, 0, 1]","{'acc': 0.933, 'auc': 0.892, 'precision': 0.75, 'recall': 0.833, 'F1': 0.789, 'sens': 0.833, 'spec': 0.951, 'ppv': 0.75, 'npv': 0.97, 'b_acc': 0.892}"
7,"[4, 3, 1, 2, 3, 0, 2, 2, 0, 1, 0, 2, 0, 0, 3, 0, 1, 4, 2, 0]","[1, 1, 2, 0, 1]","{'acc': 0.842, 'auc': 0.861, 'precision': 0.485, 'recall': 0.889, 'F1': 0.628, 'sens': 0.889, 'spec': 0.833, 'ppv': 0.485, 'npv': 0.977, 'b_acc': 0.861}"
8,"[2, 3, 0, 2, 1, 0, 0, 0, 1, 0, 1, 3, 2, 1, 1, 2, 2, 1, 1, 0]","[1, 2, 0, 0, 1]","{'acc': 0.908, 'auc': 0.877, 'precision': 0.652, 'recall': 0.833, 'F1': 0.731, 'sens': 0.833, 'spec': 0.922, 'ppv': 0.652, 'npv': 0.969, 'b_acc': 0.878}"
9,"[1, 0, 3, 1, 0, 0, 1, 2, 1, 1, 0, 1, 2, 0, 1, 2, 2, 2, 1, 1]","[0, 0, 0, 0, 0]","{'acc': 0.9, 'auc': 0.83, 'precision': 0.65, 'recall': 0.722, 'F1': 0.684, 'sens': 0.722, 'spec': 0.931, 'ppv': 0.65, 'npv': 0.95, 'b_acc': 0.826}"
10,"[1, 1, 3, 2, 1, 0, 2, 0, 1, 1, 2, 4, 0, 0, 1, 2, 0, 2, 2, 0]","[0, 1, 2, 1, 1]","{'acc': 0.908, 'auc': 0.855, 'precision': 0.667, 'recall': 0.778, 'F1': 0.718, 'sens': 0.778, 'spec': 0.931, 'ppv': 0.667, 'npv': 0.96, 'b_acc': 0.854}"
11,"[4, 0, 1, 4, 1, 0, 1, 0, 0, 2, 1, 4, 2, 2, 2, 2, 0, 2, 1, 2]","[2, 1, 2, 0, 1]","{'acc': 0.608, 'auc': 0.747, 'precision': 0.27, 'recall': 0.944, 'F1': 0.42, 'sens': 0.944, 'spec': 0.549, 'ppv': 0.27, 'npv': 0.982, 'b_acc': 0.746}"
12,"[2, 3, 0, 2, 3, 0, 2, 0, 2, 1, 0, 2, 2, 0, 1, 1, 2, 0, 1, 1]","[1, 2, 2, 0, 1]","{'acc': 0.908, 'auc': 0.9, 'precision': 0.64, 'recall': 0.889, 'F1': 0.744, 'sens': 0.889, 'spec': 0.912, 'ppv': 0.64, 'npv': 0.979, 'b_acc': 0.901}"
13,"[2, 3, 4, 1, 3, 0, 2, 1, 1, 1, 2, 0, 0, 0, 1, 1, 0, 4, 2, 2]","[0, 1, 0, 1, 2]","{'acc': 0.892, 'auc': 0.845, 'precision': 0.609, 'recall': 0.778, 'F1': 0.683, 'sens': 0.778, 'spec': 0.912, 'ppv': 0.609, 'npv': 0.959, 'b_acc': 0.845}"
14,"[0, 0, 3, 0, 0, 0, 1, 2, 1, 1, 1, 0, 0, 0, 0, 3, 0, 3, 2, 2]","[2, 2, 2, 2, 0]","{'acc': 0.883, 'auc': 0.867, 'precision': 0.577, 'recall': 0.833, 'F1': 0.682, 'sens': 0.833, 'spec': 0.892, 'ppv': 0.577, 'npv': 0.968, 'b_acc': 0.862}"
15,"[2, 1, 0, 4, 1, 0, 2, 1, 0, 1, 2, 4, 2, 1, 3, 1, 0, 0, 2, 0]","[2, 2, 0, 2, 0]","{'acc': 0.925, 'auc': 0.886, 'precision': 0.714, 'recall': 0.833, 'F1': 0.769, 'sens': 0.833, 'spec': 0.941, 'ppv': 0.714, 'npv': 0.97, 'b_acc': 0.887}"
16,"[2, 1, 4, 2, 2, 0, 0, 2, 0, 2, 0, 2, 1, 2, 0, 1, 1, 2, 0, 0]","[2, 2, 2, 1, 2]","{'acc': 0.825, 'auc': 0.878, 'precision': 0.459, 'recall': 0.944, 'F1': 0.618, 'sens': 0.944, 'spec': 0.804, 'ppv': 0.459, 'npv': 0.988, 'b_acc': 0.874}"
17,"[1, 0, 3, 3, 0, 0, 1, 2, 0, 1, 0, 0, 2, 2, 0, 0, 0, 1, 0, 0]","[0, 1, 0, 2, 1]","{'acc': 0.75, 'auc': 0.807, 'precision': 0.364, 'recall': 0.889, 'F1': 0.517, 'sens': 0.889, 'spec': 0.725, 'ppv': 0.364, 'npv': 0.974, 'b_acc': 0.807}"
18,"[3, 0, 1, 0, 1, 0, 0, 1, 1, 2, 2, 2, 2, 2, 1, 3, 2, 2, 1, 2]","[2, 1, 1, 0, 1]","{'acc': 0.783, 'auc': 0.854, 'precision': 0.405, 'recall': 0.944, 'F1': 0.567, 'sens': 0.944, 'spec': 0.755, 'ppv': 0.405, 'npv': 0.987, 'b_acc': 0.849}"
19,"[4, 2, 2, 2, 1, 0, 2, 0, 0, 0, 1, 1, 0, 2, 2, 3, 2, 0, 2, 2]","[2, 0, 2, 2, 1]","{'acc': 0.875, 'auc': 0.769, 'precision': 0.579, 'recall': 0.611, 'F1': 0.595, 'sens': 0.611, 'spec': 0.922, 'ppv': 0.579, 'npv': 0.931, 'b_acc': 0.766}"
1000,"[1, 0, 0, 0, 1, 0, 2, 0, 0, 1, 2, 0, 2, 0, 1, 1, 0, 0, 2, 0]","[0, 1, 0, 0, 1]","{'acc': 0.933, 'auc': 0.846, 'precision': 0.812, 'recall': 0.722, 'F1': 0.764, 'sens': 0.722, 'spec': 0.971, 'ppv': 0.812, 'npv': 0.952, 'b_acc': 0.846}"
20,"[1, 3, 2, 0, 0, 0, 1, 2, 2, 0, 2, 1, 1, 0, 3, 2, 0, 0, 2, 2]","[2, 0, 1, 0, 2]","{'acc': 0.25, 'auc': 0.559, 'precision': 0.167, 'recall': 1.0, 'F1': 0.286, 'sens': 1.0, 'spec': 0.118, 'ppv': 0.167, 'npv': 1.0, 'b_acc': 0.559}"
21,"[2, 3, 0, 0, 1, 0, 0, 1, 2, 0, 1, 1, 2, 2, 1, 2, 0, 1, 2, 1]","[0, 2, 3, 2, 0]","{'acc': 0.892, 'auc': 0.891, 'precision': 0.593, 'recall': 0.889, 'F1': 0.711, 'sens': 0.889, 'spec': 0.892, 'ppv': 0.593, 'npv': 0.978, 'b_acc': 0.891}"
22,"[4, 1, 2, 5, 0, 0, 1, 0, 1, 0, 2, 3, 0, 2, 1, 0, 1, 2, 1, 0]","[1, 2, 1, 2, 2]","{'acc': 0.875, 'auc': 0.862, 'precision': 0.556, 'recall': 0.833, 'F1': 0.667, 'sens': 0.833, 'spec': 0.882, 'ppv': 0.556, 'npv': 0.968, 'b_acc': 0.857}"
23,"[4, 1, 3, 1, 2, 0, 2, 1, 1, 0, 2, 1, 1, 0, 1, 2, 2, 3, 1, 1]","[2, 2, 3, 0, 1]","{'acc': 0.892, 'auc': 0.868, 'precision': 0.6, 'recall': 0.833, 'F1': 0.698, 'sens': 0.833, 'spec': 0.902, 'ppv': 0.6, 'npv': 0.968, 'b_acc': 0.867}"
24,"[3, 0, 3, 0, 1, 0, 2, 0, 1, 2, 2, 4, 1, 2, 1, 2, 2, 2, 2, 2]","[1, 0, 0, 2, 1]","{'acc': 0.8, 'auc': 0.814, 'precision': 0.417, 'recall': 0.833, 'F1': 0.556, 'sens': 0.833, 'spec': 0.794, 'ppv': 0.417, 'npv': 0.964, 'b_acc': 0.814}"
25,"[4, 1, 1, 4, 3, 0, 0, 0, 2, 0, 1, 4, 0, 1, 0, 0, 0, 1, 2, 0]","[2, 1, 2, 0, 1]","{'acc': 0.858, 'auc': 0.802, 'precision': 0.52, 'recall': 0.722, 'F1': 0.605, 'sens': 0.722, 'spec': 0.882, 'ppv': 0.52, 'npv': 0.947, 'b_acc': 0.802}"
26,"[3, 1, 2, 4, 3, 0, 1, 2, 1, 1, 1, 4, 2, 2, 2, 2, 1, 0, 1, 2]","[1, 1, 0, 1, 0]","{'acc': 0.925, 'auc': 0.864, 'precision': 0.737, 'recall': 0.778, 'F1': 0.757, 'sens': 0.778, 'spec': 0.951, 'ppv': 0.737, 'npv': 0.96, 'b_acc': 0.864}"
27,"[3, 3, 1, 3, 0, 0, 2, 1, 1, 2, 2, 4, 0, 1, 1, 2, 2, 0, 1, 0]","[0, 0, 0, 1, 1]","{'acc': 0.892, 'auc': 0.891, 'precision': 0.593, 'recall': 0.889, 'F1': 0.711, 'sens': 0.889, 'spec': 0.892, 'ppv': 0.593, 'npv': 0.978, 'b_acc': 0.891}"
28,"[2, 2, 2, 0, 0, 0, 0, 1, 1, 1, 0, 4, 0, 0, 3, 1, 2, 0, 0, 0]","[2, 0, 3, 1, 2]","{'acc': 0.617, 'auc': 0.694, 'precision': 0.259, 'recall': 0.833, 'F1': 0.395, 'sens': 0.833, 'spec': 0.578, 'ppv': 0.259, 'npv': 0.952, 'b_acc': 0.706}"
29,"[0, 1, 1, 2, 2, 0, 1, 2, 1, 0, 1, 0, 0, 2, 1, 2, 2, 1, 2, 2]","[2, 2, 1, 1, 1]","{'acc': 0.867, 'auc': 0.83, 'precision': 0.538, 'recall': 0.778, 'F1': 0.636, 'sens': 0.778, 'spec': 0.882, 'ppv': 0.538, 'npv': 0.957, 'b_acc': 0.83}"
30,"[4, 0, 3, 3, 2, 0, 1, 0, 2, 1, 0, 2, 0, 1, 2, 1, 1, 2, 2, 1]","[0, 0, 3, 2, 2]","{'acc': 0.875, 'auc': 0.859, 'precision': 0.556, 'recall': 0.833, 'F1': 0.667, 'sens': 0.833, 'spec': 0.882, 'ppv': 0.556, 'npv': 0.968, 'b_acc': 0.857}"
31,"[1, 3, 1, 5, 0, 0, 1, 1, 2, 2, 1, 0, 0, 0, 3, 3, 0, 4, 0, 2]","[0, 0, 1, 0, 1]","{'acc': 0.783, 'auc': 0.758, 'precision': 0.382, 'recall': 0.722, 'F1': 0.5, 'sens': 0.722, 'spec': 0.794, 'ppv': 0.382, 'npv': 0.942, 'b_acc': 0.758}"
32,"[3, 3, 4, 5, 2, 0, 1, 1, 0, 0, 1, 4, 1, 1, 0, 0, 1, 3, 2, 0]","[2, 1, 1, 0, 2]","{'acc': 0.767, 'auc': 0.748, 'precision': 0.361, 'recall': 0.722, 'F1': 0.481, 'sens': 0.722, 'spec': 0.775, 'ppv': 0.361, 'npv': 0.94, 'b_acc': 0.748}"
33,"[1, 3, 3, 1, 3, 0, 0, 0, 1, 1, 2, 2, 0, 2, 2, 0, 1, 4, 1, 0]","[2, 2, 0, 1, 0]","{'acc': 0.9, 'auc': 0.827, 'precision': 0.65, 'recall': 0.722, 'F1': 0.684, 'sens': 0.722, 'spec': 0.931, 'ppv': 0.65, 'npv': 0.95, 'b_acc': 0.826}"
34,"[3, 1, 0, 3, 2, 0, 1, 2, 1, 0, 1, 2, 0, 0, 3, 3, 0, 0, 2, 0]","[2, 0, 1, 0, 0]","{'acc': 0.408, 'auc': 0.652, 'precision': 0.202, 'recall': 1.0, 'F1': 0.336, 'sens': 1.0, 'spec': 0.304, 'ppv': 0.202, 'npv': 1.0, 'b_acc': 0.652}"
35,"[2, 0, 1, 3, 2, 0, 0, 1, 0, 1, 1, 4, 0, 1, 2, 1, 0, 2, 1, 0]","[0, 1, 2, 2, 2]","{'acc': 0.767, 'auc': 0.844, 'precision': 0.386, 'recall': 0.944, 'F1': 0.548, 'sens': 0.944, 'spec': 0.735, 'ppv': 0.386, 'npv': 0.987, 'b_acc': 0.839}"
36,"[2, 3, 2, 4, 1, 0, 1, 0, 1, 0, 0, 2, 1, 0, 2, 3, 0, 0, 1, 2]","[0, 1, 1, 1, 2]","{'acc': 0.842, 'auc': 0.495, 'precision': 0.0, 'recall': 0.0, 'F1': 0, 'sens': 0.0, 'spec': 0.99, 'ppv': 0.0, 'npv': 0.849, 'b_acc': 0.495}"
37,"[2, 3, 2, 0, 0, 0, 2, 1, 0, 1, 1, 0, 1, 1, 2, 1, 2, 3, 0, 0]","[1, 0, 2, 2, 2]","{'acc': 0.833, 'auc': 0.814, 'precision': 0.467, 'recall': 0.778, 'F1': 0.584, 'sens': 0.778, 'spec': 0.843, 'ppv': 0.467, 'npv': 0.956, 'b_acc': 0.81}"
38,"[2, 1, 2, 2, 0, 0, 1, 1, 1, 1, 2, 1, 0, 0, 1, 1, 1, 1, 0, 1]","[0, 1, 0, 2, 1]","{'acc': 0.958, 'auc': 0.93, 'precision': 0.842, 'recall': 0.889, 'F1': 0.865, 'sens': 0.889, 'spec': 0.971, 'ppv': 0.842, 'npv': 0.98, 'b_acc': 0.93}"
39,"[3, 3, 1, 4, 0, 0, 0, 2, 0, 1, 2, 4, 0, 0, 2, 0, 0, 4, 2, 1]","[2, 1, 0, 2, 0]","{'acc': 0.883, 'auc': 0.817, 'precision': 0.591, 'recall': 0.722, 'F1': 0.65, 'sens': 0.722, 'spec': 0.912, 'ppv': 0.591, 'npv': 0.949, 'b_acc': 0.817}"
40,"[3, 2, 1, 0, 3, 0, 1, 0, 2, 1, 0, 3, 2, 2, 2, 0, 0, 4, 0, 0]","[2, 0, 2, 0, 1]","{'acc': 0.492, 'auc': 0.632, 'precision': 0.205, 'recall': 0.833, 'F1': 0.329, 'sens': 0.833, 'spec': 0.431, 'ppv': 0.205, 'npv': 0.936, 'b_acc': 0.632}"
41,"[0, 0, 0, 5, 1, 0, 1, 0, 2, 1, 2, 4, 2, 2, 2, 1, 2, 0, 2, 2]","[1, 2, 0, 0, 2]","{'acc': 0.8, 'auc': 0.837, 'precision': 0.421, 'recall': 0.889, 'F1': 0.571, 'sens': 0.889, 'spec': 0.784, 'ppv': 0.421, 'npv': 0.976, 'b_acc': 0.836}"
43,"[4, 0, 3, 2, 2, 0, 1, 2, 1, 1, 0, 1, 0, 2, 0, 0, 0, 3, 0, 2]","[2, 1, 1, 2, 2]","{'acc': 0.85, 'auc': 0.797, 'precision': 0.5, 'recall': 0.722, 'F1': 0.591, 'sens': 0.722, 'spec': 0.873, 'ppv': 0.5, 'npv': 0.947, 'b_acc': 0.798}"
44,"[3, 2, 3, 1, 2, 0, 1, 0, 2, 1, 2, 0, 1, 2, 2, 0, 1, 1, 2, 1]","[1, 0, 1, 1, 2]","{'acc': 0.85, 'auc': 0.546, 'precision': 0.5, 'recall': 0.111, 'F1': 0.182, 'sens': 0.111, 'spec': 0.98, 'ppv': 0.5, 'npv': 0.862, 'b_acc': 0.546}"
45,"[0, 1, 3, 2, 3, 0, 0, 2, 0, 2, 1, 2, 2, 0, 0, 2, 1, 3, 0, 0]","[1, 1, 1, 2, 1]","{'acc': 0.917, 'auc': 0.859, 'precision': 0.7, 'recall': 0.778, 'F1': 0.737, 'sens': 0.778, 'spec': 0.941, 'ppv': 0.7, 'npv': 0.96, 'b_acc': 0.859}"
46,"[3, 3, 0, 2, 2, 0, 2, 2, 0, 2, 2, 4, 0, 0, 2, 3, 0, 0, 2, 2]","[2, 1, 2, 2, 2]","{'acc': 0.933, 'auc': 0.892, 'precision': 0.75, 'recall': 0.833, 'F1': 0.789, 'sens': 0.833, 'spec': 0.951, 'ppv': 0.75, 'npv': 0.97, 'b_acc': 0.892}"
47,"[2, 2, 1, 1, 3, 0, 1, 0, 1, 1, 2, 3, 0, 2, 3, 1, 2, 1, 2, 1]","[0, 0, 0, 0, 1]","{'acc': 0.808, 'auc': 0.773, 'precision': 0.419, 'recall': 0.722, 'F1': 0.53, 'sens': 0.722, 'spec': 0.824, 'ppv': 0.419, 'npv': 0.944, 'b_acc': 0.773}"
48,"[0, 3, 1, 0, 0, 0, 0, 1, 2, 1, 0, 2, 0, 2, 0, 2, 0, 0, 0, 1]","[0, 1, 3, 1, 0]","{'acc': 0.883, 'auc': 0.794, 'precision': 0.6, 'recall': 0.667, 'F1': 0.632, 'sens': 0.667, 'spec': 0.922, 'ppv': 0.6, 'npv': 0.94, 'b_acc': 0.794}"
49,"[1, 1, 2, 4, 2, 0, 1, 1, 1, 2, 0, 4, 1, 0, 2, 1, 0, 0, 1, 0]","[0, 1, 0, 0, 0]","{'acc': 0.708, 'auc': 0.764, 'precision': 0.319, 'recall': 0.833, 'F1': 0.461, 'sens': 0.833, 'spec': 0.686, 'ppv': 0.319, 'npv': 0.959, 'b_acc': 0.76}"
1001,"[2, 3, 3, 2, 0, 0, 1, 0, 1, 1, 2, 2, 0, 0, 1, 2, 0, 1, 2, 0]","[0, 1, 0, 0, 1]","{'acc': 0.883, 'auc': 0.867, 'precision': 0.577, 'recall': 0.833, 'F1': 0.682, 'sens': 0.833, 'spec': 0.892, 'ppv': 0.577, 'npv': 0.968, 'b_acc': 0.862}"
50,"[3, 2, 2, 3, 1, 0, 1, 1, 0, 1, 2, 1, 0, 0, 3, 2, 1, 0, 2, 2]","[0, 1, 2, 0, 1]","{'acc': 0.908, 'auc': 0.809, 'precision': 0.706, 'recall': 0.667, 'F1': 0.686, 'sens': 0.667, 'spec': 0.951, 'ppv': 0.706, 'npv': 0.942, 'b_acc': 0.809}"
51,"[3, 0, 4, 2, 2, 0, 0, 2, 2, 0, 0, 4, 2, 2, 3, 1, 2, 4, 2, 0]","[2, 2, 2, 2, 2]","{'acc': 0.892, 'auc': 0.849, 'precision': 0.609, 'recall': 0.778, 'F1': 0.683, 'sens': 0.778, 'spec': 0.912, 'ppv': 0.609, 'npv': 0.959, 'b_acc': 0.845}"
52,"[4, 2, 2, 2, 0, 0, 0, 2, 1, 0, 0, 0, 1, 1, 1, 1, 2, 4, 0, 1]","[1, 2, 1, 1, 0]","{'acc': 0.917, 'auc': 0.882, 'precision': 0.682, 'recall': 0.833, 'F1': 0.75, 'sens': 0.833, 'spec': 0.931, 'ppv': 0.682, 'npv': 0.969, 'b_acc': 0.882}"
53,"[2, 2, 0, 2, 1, 0, 2, 1, 2, 1, 0, 3, 1, 2, 2, 0, 0, 2, 2, 2]","[0, 1, 0, 0, 2]","{'acc': 0.9, 'auc': 0.877, 'precision': 0.625, 'recall': 0.833, 'F1': 0.714, 'sens': 0.833, 'spec': 0.912, 'ppv': 0.625, 'npv': 0.969, 'b_acc': 0.872}"
54,"[2, 2, 1, 5, 0, 0, 0, 0, 1, 2, 0, 3, 0, 2, 0, 2, 2, 0, 1, 0]","[0, 2, 0, 0, 1]","{'acc': 0.842, 'auc': 0.861, 'precision': 0.485, 'recall': 0.889, 'F1': 0.628, 'sens': 0.889, 'spec': 0.833, 'ppv': 0.485, 'npv': 0.977, 'b_acc': 0.861}"
55,"[1, 2, 4, 3, 3, 0, 2, 0, 0, 1, 0, 1, 2, 1, 0, 1, 2, 1, 0, 1]","[1, 2, 0, 1, 0]","{'acc': 0.842, 'auc': 0.889, 'precision': 0.486, 'recall': 0.944, 'F1': 0.642, 'sens': 0.944, 'spec': 0.824, 'ppv': 0.486, 'npv': 0.988, 'b_acc': 0.884}"
56,"[3, 2, 4, 5, 1, 0, 2, 2, 0, 0, 1, 0, 0, 1, 2, 3, 0, 4, 2, 0]","[2, 2, 2, 1, 2]","{'acc': 0.883, 'auc': 0.794, 'precision': 0.6, 'recall': 0.667, 'F1': 0.632, 'sens': 0.667, 'spec': 0.922, 'ppv': 0.6, 'npv': 0.94, 'b_acc': 0.794}"
57,"[4, 3, 1, 4, 1, 0, 1, 2, 0, 2, 2, 1, 2, 0, 0, 1, 0, 2, 2, 0]","[0, 2, 2, 2, 0]","{'acc': 0.858, 'auc': 0.852, 'precision': 0.517, 'recall': 0.833, 'F1': 0.638, 'sens': 0.833, 'spec': 0.863, 'ppv': 0.517, 'npv': 0.967, 'b_acc': 0.848}"
58,"[2, 0, 2, 1, 0, 0, 0, 0, 2, 2, 0, 0, 2, 0, 3, 2, 1, 4, 0, 2]","[2, 0, 2, 1, 0]","{'acc': 0.567, 'auc': 0.699, 'precision': 0.242, 'recall': 0.889, 'F1': 0.38, 'sens': 0.889, 'spec': 0.51, 'ppv': 0.242, 'npv': 0.963, 'b_acc': 0.7}"
59,"[4, 1, 3, 5, 1, 0, 1, 0, 2, 1, 1, 2, 2, 1, 3, 2, 1, 3, 0, 2]","[1, 0, 2, 1, 2]","{'acc': 0.783, 'auc': 0.85, 'precision': 0.405, 'recall': 0.944, 'F1': 0.567, 'sens': 0.944, 'spec': 0.755, 'ppv': 0.405, 'npv': 0.987, 'b_acc': 0.849}"
60,"[1, 3, 1, 2, 0, 0, 2, 2, 1, 1, 1, 1, 1, 1, 0, 3, 0, 2, 1, 0]","[0, 1, 2, 2, 2]","{'acc': 0.775, 'auc': 0.845, 'precision': 0.395, 'recall': 0.944, 'F1': 0.557, 'sens': 0.944, 'spec': 0.745, 'ppv': 0.395, 'npv': 0.987, 'b_acc': 0.844}"
61,"[2, 3, 1, 5, 3, 0, 0, 2, 1, 2, 1, 1, 1, 2, 2, 2, 0, 3, 1, 1]","[1, 0, 1, 0, 0]","{'acc': 0.492, 'auc': 0.632, 'precision': 0.205, 'recall': 0.833, 'F1': 0.329, 'sens': 0.833, 'spec': 0.431, 'ppv': 0.205, 'npv': 0.936, 'b_acc': 0.632}"
62,"[0, 1, 2, 1, 3, 0, 1, 0, 1, 2, 0, 3, 2, 1, 1, 0, 1, 3, 2, 0]","[2, 0, 0, 0, 1]","{'acc': 0.408, 'auc': 0.596, 'precision': 0.181, 'recall': 0.833, 'F1': 0.297, 'sens': 0.833, 'spec': 0.333, 'ppv': 0.181, 'npv': 0.919, 'b_acc': 0.583}"
63,"[0, 2, 0, 4, 2, 0, 2, 0, 0, 2, 2, 3, 2, 2, 2, 0, 0, 4, 2, 2]","[2, 1, 3, 1, 2]","{'acc': 0.792, 'auc': 0.855, 'precision': 0.415, 'recall': 0.944, 'F1': 0.577, 'sens': 0.944, 'spec': 0.765, 'ppv': 0.415, 'npv': 0.987, 'b_acc': 0.854}"
64,"[0, 2, 4, 4, 2, 0, 0, 2, 0, 0, 2, 2, 2, 0, 2, 1, 1, 2, 0, 1]","[1, 2, 3, 2, 0]","{'acc': 0.867, 'auc': 0.853, 'precision': 0.536, 'recall': 0.833, 'F1': 0.652, 'sens': 0.833, 'spec': 0.873, 'ppv': 0.536, 'npv': 0.967, 'b_acc': 0.853}"
65,"[3, 3, 3, 4, 3, 0, 0, 0, 1, 0, 1, 1, 2, 1, 2, 2, 1, 3, 0, 1]","[2, 2, 2, 2, 1]","{'acc': 0.9, 'auc': 0.85, 'precision': 0.636, 'recall': 0.778, 'F1': 0.7, 'sens': 0.778, 'spec': 0.922, 'ppv': 0.636, 'npv': 0.959, 'b_acc': 0.85}"
67,"[3, 0, 3, 3, 2, 0, 1, 1, 0, 0, 2, 2, 2, 0, 1, 3, 1, 2, 1, 1]","[2, 1, 0, 1, 0]","{'acc': 0.833, 'auc': 0.856, 'precision': 0.471, 'recall': 0.889, 'F1': 0.616, 'sens': 0.889, 'spec': 0.824, 'ppv': 0.471, 'npv': 0.977, 'b_acc': 0.856}"
68,"[0, 0, 4, 1, 2, 0, 1, 0, 2, 1, 0, 2, 1, 2, 2, 3, 0, 4, 1, 2]","[2, 0, 1, 2, 0]","{'acc': 0.892, 'auc': 0.852, 'precision': 0.609, 'recall': 0.778, 'F1': 0.683, 'sens': 0.778, 'spec': 0.912, 'ppv': 0.609, 'npv': 0.959, 'b_acc': 0.845}"
69,"[4, 0, 2, 3, 3, 0, 0, 1, 2, 2, 2, 3, 0, 0, 2, 2, 2, 1, 1, 1]","[2, 1, 1, 2, 0]","{'acc': 0.85, 'auc': 0.847, 'precision': 0.5, 'recall': 0.833, 'F1': 0.625, 'sens': 0.833, 'spec': 0.853, 'ppv': 0.5, 'npv': 0.967, 'b_acc': 0.843}"
70,"[3, 2, 0, 4, 2, 0, 2, 0, 0, 0, 2, 3, 2, 2, 3, 0, 2, 4, 1, 0]","[0, 0, 2, 0, 1]","{'acc': 0.717, 'auc': 0.765, 'precision': 0.326, 'recall': 0.833, 'F1': 0.469, 'sens': 0.833, 'spec': 0.696, 'ppv': 0.326, 'npv': 0.959, 'b_acc': 0.764}"
71,"[0, 1, 3, 2, 0, 0, 1, 0, 0, 1, 0, 1, 0, 0, 1, 1, 0, 2, 0, 0]","[0, 0, 2, 1, 2]","{'acc': 0.883, 'auc': 0.817, 'precision': 0.591, 'recall': 0.722, 'F1': 0.65, 'sens': 0.722, 'spec': 0.912, 'ppv': 0.591, 'npv': 0.949, 'b_acc': 0.817}"
72,"[2, 1, 4, 5, 3, 0, 0, 2, 1, 0, 2, 0, 1, 1, 3, 2, 1, 3, 1, 0]","[0, 0, 3, 2, 2]","{'acc': 0.908, 'auc': 0.832, 'precision': 0.684, 'recall': 0.722, 'F1': 0.702, 'sens': 0.722, 'spec': 0.941, 'ppv': 0.684, 'npv': 0.95, 'b_acc': 0.831}"
73,"[3, 1, 1, 0, 2, 0, 1, 1, 0, 0, 1, 2, 1, 2, 0, 0, 0, 4, 0, 0]","[2, 1, 1, 0, 0]","{'acc': 0.725, 'auc': 0.751, 'precision': 0.326, 'recall': 0.778, 'F1': 0.459, 'sens': 0.778, 'spec': 0.716, 'ppv': 0.326, 'npv': 0.948, 'b_acc': 0.747}"
74,"[1, 0, 1, 3, 0, 0, 1, 1, 0, 2, 0, 4, 0, 0, 3, 3, 1, 3, 1, 0]","[0, 1, 0, 2, 1]","{'acc': 0.883, 'auc': 0.913, 'precision': 0.567, 'recall': 0.944, 'F1': 0.708, 'sens': 0.944, 'spec': 0.873, 'ppv': 0.567, 'npv': 0.989, 'b_acc': 0.908}"
75,"[4, 0, 2, 5, 3, 0, 2, 2, 0, 0, 1, 2, 1, 1, 1, 3, 1, 0, 1, 1]","[1, 0, 0, 0, 0]","{'acc': 0.367, 'auc': 0.632, 'precision': 0.191, 'recall': 1.0, 'F1': 0.321, 'sens': 1.0, 'spec': 0.255, 'ppv': 0.191, 'npv': 1.0, 'b_acc': 0.628}"
76,"[3, 0, 1, 4, 2, 0, 1, 1, 1, 1, 2, 0, 2, 2, 3, 1, 1, 2, 2, 2]","[0, 0, 3, 2, 0]","{'acc': 0.767, 'auc': 0.775, 'precision': 0.368, 'recall': 0.778, 'F1': 0.5, 'sens': 0.778, 'spec': 0.765, 'ppv': 0.368, 'npv': 0.951, 'b_acc': 0.772}"
77,"[0, 3, 4, 3, 2, 0, 1, 1, 0, 0, 1, 4, 1, 0, 1, 1, 2, 1, 2, 1]","[0, 1, 3, 1, 2]","{'acc': 0.867, 'auc': 0.857, 'precision': 0.536, 'recall': 0.833, 'F1': 0.652, 'sens': 0.833, 'spec': 0.873, 'ppv': 0.536, 'npv': 0.967, 'b_acc': 0.853}"
78,"[1, 3, 0, 3, 3, 0, 0, 1, 2, 0, 1, 4, 2, 1, 2, 0, 0, 3, 1, 1]","[1, 2, 3, 2, 1]","{'acc': 0.933, 'auc': 0.892, 'precision': 0.75, 'recall': 0.833, 'F1': 0.789, 'sens': 0.833, 'spec': 0.951, 'ppv': 0.75, 'npv': 0.97, 'b_acc': 0.892}"
79,"[0, 3, 1, 1, 1, 0, 1, 1, 2, 1, 0, 2, 2, 2, 1, 3, 2, 4, 1, 1]","[0, 0, 1, 1, 1]","{'acc': 0.817, 'auc': 0.801, 'precision': 0.438, 'recall': 0.778, 'F1': 0.56, 'sens': 0.778, 'spec': 0.824, 'ppv': 0.438, 'npv': 0.955, 'b_acc': 0.801}"
1002,"[3, 3, 1, 2, 2, 0, 1, 1, 1, 1, 2, 2, 0, 0, 1, 1, 0, 0, 2, 0]","[0, 1, 0, 2, 1]","{'acc': 0.825, 'auc': 0.869, 'precision': 0.459, 'recall': 0.944, 'F1': 0.618, 'sens': 0.944, 'spec': 0.804, 'ppv': 0.459, 'npv': 0.988, 'b_acc': 0.874}"
80,"[2, 2, 2, 4, 0, 0, 2, 1, 0, 0, 2, 4, 2, 1, 1, 2, 1, 1, 2, 0]","[2, 2, 1, 0, 1]","{'acc': 0.842, 'auc': 0.842, 'precision': 0.484, 'recall': 0.833, 'F1': 0.612, 'sens': 0.833, 'spec': 0.843, 'ppv': 0.484, 'npv': 0.966, 'b_acc': 0.838}"
81,"[1, 3, 3, 4, 1, 0, 0, 0, 2, 0, 1, 3, 1, 2, 2, 2, 0, 0, 2, 0]","[1, 1, 1, 2, 1]","{'acc': 0.808, 'auc': 0.753, 'precision': 0.414, 'recall': 0.667, 'F1': 0.511, 'sens': 0.667, 'spec': 0.833, 'ppv': 0.414, 'npv': 0.934, 'b_acc': 0.75}"
82,"[4, 1, 2, 1, 2, 0, 1, 1, 2, 0, 1, 3, 0, 1, 0, 0, 2, 0, 2, 1]","[2, 0, 2, 1, 0]","{'acc': 0.867, 'auc': 0.761, 'precision': 0.55, 'recall': 0.611, 'F1': 0.579, 'sens': 0.611, 'spec': 0.912, 'ppv': 0.55, 'npv': 0.93, 'b_acc': 0.762}"
83,"[1, 3, 3, 2, 3, 0, 0, 0, 2, 1, 0, 2, 1, 1, 1, 0, 1, 4, 0, 0]","[0, 1, 3, 0, 2]","{'acc': 0.9, 'auc': 0.853, 'precision': 0.636, 'recall': 0.778, 'F1': 0.7, 'sens': 0.778, 'spec': 0.922, 'ppv': 0.636, 'npv': 0.959, 'b_acc': 0.85}"
84,"[1, 0, 2, 3, 1, 0, 2, 0, 2, 0, 1, 4, 1, 1, 3, 1, 2, 4, 0, 2]","[1, 1, 1, 0, 0]","{'acc': 0.875, 'auc': 0.862, 'precision': 0.556, 'recall': 0.833, 'F1': 0.667, 'sens': 0.833, 'spec': 0.882, 'ppv': 0.556, 'npv': 0.968, 'b_acc': 0.857}"
85,"[0, 0, 0, 1, 2, 0, 1, 0, 1, 0, 0, 4, 0, 1, 3, 1, 0, 3, 1, 2]","[1, 2, 1, 0, 0]","{'acc': 0.883, 'auc': 0.844, 'precision': 0.583, 'recall': 0.778, 'F1': 0.667, 'sens': 0.778, 'spec': 0.902, 'ppv': 0.583, 'npv': 0.958, 'b_acc': 0.84}"
86,"[0, 0, 2, 4, 1, 0, 0, 0, 0, 0, 2, 2, 1, 0, 3, 3, 1, 1, 2, 2]","[0, 2, 1, 0, 0]","{'acc': 0.808, 'auc': 0.823, 'precision': 0.429, 'recall': 0.833, 'F1': 0.566, 'sens': 0.833, 'spec': 0.804, 'ppv': 0.429, 'npv': 0.965, 'b_acc': 0.818}"
87,"[4, 3, 2, 2, 0, 0, 2, 2, 2, 0, 1, 3, 2, 2, 0, 1, 2, 1, 0, 0]","[0, 0, 3, 1, 0]","{'acc': 0.858, 'auc': 0.871, 'precision': 0.516, 'recall': 0.889, 'F1': 0.653, 'sens': 0.889, 'spec': 0.853, 'ppv': 0.516, 'npv': 0.978, 'b_acc': 0.871}"
88,"[1, 1, 4, 1, 0, 0, 0, 0, 0, 2, 2, 4, 0, 1, 3, 2, 0, 1, 2, 2]","[2, 2, 2, 1, 1]","{'acc': 0.9, 'auc': 0.877, 'precision': 0.625, 'recall': 0.833, 'F1': 0.714, 'sens': 0.833, 'spec': 0.912, 'ppv': 0.625, 'npv': 0.969, 'b_acc': 0.872}"
89,"[3, 0, 2, 0, 0, 0, 0, 0, 1, 1, 0, 1, 0, 0, 3, 2, 0, 1, 2, 0]","[1, 2, 1, 0, 1]","{'acc': 0.925, 'auc': 0.887, 'precision': 0.714, 'recall': 0.833, 'F1': 0.769, 'sens': 0.833, 'spec': 0.941, 'ppv': 0.714, 'npv': 0.97, 'b_acc': 0.887}"
90,"[4, 3, 4, 3, 2, 0, 0, 2, 2, 1, 1, 4, 1, 0, 0, 1, 1, 2, 1, 1]","[2, 0, 0, 2, 2]","{'acc': 0.908, 'auc': 0.877, 'precision': 0.652, 'recall': 0.833, 'F1': 0.731, 'sens': 0.833, 'spec': 0.922, 'ppv': 0.652, 'npv': 0.969, 'b_acc': 0.878}"
91,"[1, 2, 2, 1, 1, 0, 2, 2, 1, 2, 1, 0, 1, 1, 3, 3, 1, 0, 0, 1]","[1, 0, 0, 1, 2]","{'acc': 0.358, 'auc': 0.623, 'precision': 0.189, 'recall': 1.0, 'F1': 0.318, 'sens': 1.0, 'spec': 0.245, 'ppv': 0.189, 'npv': 1.0, 'b_acc': 0.622}"
92,"[2, 2, 2, 1, 0, 0, 0, 1, 1, 1, 2, 3, 2, 0, 1, 3, 1, 1, 0, 1]","[1, 2, 3, 1, 1]","{'acc': 0.925, 'auc': 0.887, 'precision': 0.714, 'recall': 0.833, 'F1': 0.769, 'sens': 0.833, 'spec': 0.941, 'ppv': 0.714, 'npv': 0.97, 'b_acc': 0.887}"
93,"[0, 2, 4, 5, 1, 0, 2, 2, 1, 1, 0, 1, 0, 0, 1, 0, 0, 3, 1, 2]","[1, 2, 3, 0, 2]","{'acc': 0.917, 'auc': 0.886, 'precision': 0.682, 'recall': 0.833, 'F1': 0.75, 'sens': 0.833, 'spec': 0.931, 'ppv': 0.682, 'npv': 0.969, 'b_acc': 0.882}"
94,"[0, 3, 4, 0, 0, 0, 1, 1, 0, 0, 2, 3, 1, 0, 0, 1, 0, 0, 2, 0]","[0, 0, 3, 1, 0]","{'acc': 0.833, 'auc': 0.814, 'precision': 0.467, 'recall': 0.778, 'F1': 0.584, 'sens': 0.778, 'spec': 0.843, 'ppv': 0.467, 'npv': 0.956, 'b_acc': 0.81}"
95,"[0, 3, 2, 1, 2, 0, 0, 1, 0, 2, 2, 3, 1, 2, 1, 2, 2, 1, 2, 0]","[2, 2, 0, 2, 1]","{'acc': 0.942, 'auc': 0.874, 'precision': 0.824, 'recall': 0.778, 'F1': 0.8, 'sens': 0.778, 'spec': 0.971, 'ppv': 0.824, 'npv': 0.961, 'b_acc': 0.874}"
96,"[0, 0, 3, 5, 1, 0, 0, 0, 0, 2, 1, 1, 0, 2, 2, 0, 2, 1, 2, 1]","[2, 1, 0, 0, 0]","{'acc': 0.925, 'auc': 0.864, 'precision': 0.737, 'recall': 0.778, 'F1': 0.757, 'sens': 0.778, 'spec': 0.951, 'ppv': 0.737, 'npv': 0.96, 'b_acc': 0.864}"
97,"[1, 0, 4, 5, 2, 0, 0, 1, 1, 2, 2, 2, 0, 1, 1, 0, 0, 2, 0, 2]","[2, 2, 2, 0, 2]","{'acc': 0.875, 'auc': 0.835, 'precision': 0.56, 'recall': 0.778, 'F1': 0.651, 'sens': 0.778, 'spec': 0.892, 'ppv': 0.56, 'npv': 0.958, 'b_acc': 0.835}"
98,"[3, 2, 4, 2, 0, 0, 1, 0, 0, 0, 0, 2, 2, 2, 2, 1, 1, 3, 2, 1]","[2, 2, 0, 1, 2]","{'acc': 0.792, 'auc': 0.825, 'precision': 0.41, 'recall': 0.889, 'F1': 0.561, 'sens': 0.889, 'spec': 0.775, 'ppv': 0.41, 'npv': 0.975, 'b_acc': 0.832}"
99,"[4, 2, 2, 5, 2, 0, 2, 2, 0, 2, 2, 3, 0, 2, 2, 3, 2, 2, 1, 2]","[2, 1, 1, 0, 0]","{'acc': 0.758, 'auc': 0.743, 'precision': 0.351, 'recall': 0.722, 'F1': 0.472, 'sens': 0.722, 'spec': 0.765, 'ppv': 0.351, 'npv': 0.94, 'b_acc': 0.744}"
100,"[1, 0, 3, 0, 3, 0, 1, 0, 2, 1, 0, 3, 2, 1, 0, 2, 2, 1, 1, 0]","[1, 0, 0, 2, 1]","{'acc': 0.883, 'auc': 0.84, 'precision': 0.583, 'recall': 0.778, 'F1': 0.667, 'sens': 0.778, 'spec': 0.902, 'ppv': 0.583, 'npv': 0.958, 'b_acc': 0.84}"
101,"[0, 1, 1, 3, 1, 0, 2, 0, 0, 0, 1, 3, 0, 0, 3, 3, 2, 4, 1, 0]","[0, 2, 2, 1, 1]","{'acc': 0.908, 'auc': 0.855, 'precision': 0.667, 'recall': 0.778, 'F1': 0.718, 'sens': 0.778, 'spec': 0.931, 'ppv': 0.667, 'npv': 0.96, 'b_acc': 0.854}"
102,"[3, 3, 3, 3, 3, 0, 1, 2, 2, 0, 1, 2, 2, 1, 2, 0, 0, 2, 1, 0]","[2, 0, 0, 1, 1]","{'acc': 0.9, 'auc': 0.781, 'precision': 0.688, 'recall': 0.611, 'F1': 0.647, 'sens': 0.611, 'spec': 0.951, 'ppv': 0.688, 'npv': 0.933, 'b_acc': 0.781}"
103,"[1, 3, 2, 5, 0, 0, 2, 2, 2, 1, 0, 1, 1, 1, 3, 3, 0, 3, 1, 1]","[0, 0, 3, 2, 0]","{'acc': 0.8, 'auc': 0.841, 'precision': 0.421, 'recall': 0.889, 'F1': 0.571, 'sens': 0.889, 'spec': 0.784, 'ppv': 0.421, 'npv': 0.976, 'b_acc': 0.836}"
104,"[1, 2, 0, 5, 1, 0, 1, 2, 1, 0, 0, 2, 1, 0, 0, 2, 0, 1, 0, 0]","[0, 0, 3, 2, 1]","{'acc': 0.883, 'auc': 0.863, 'precision': 0.577, 'recall': 0.833, 'F1': 0.682, 'sens': 0.833, 'spec': 0.892, 'ppv': 0.577, 'npv': 0.968, 'b_acc': 0.862}"
105,"[3, 2, 1, 1, 0, 0, 2, 2, 2, 0, 0, 2, 0, 0, 1, 3, 0, 3, 1, 1]","[1, 0, 1, 1, 2]","{'acc': 0.775, 'auc': 0.751, 'precision': 0.371, 'recall': 0.722, 'F1': 0.49, 'sens': 0.722, 'spec': 0.784, 'ppv': 0.371, 'npv': 0.941, 'b_acc': 0.753}"
106,"[0, 3, 0, 1, 2, 0, 0, 0, 0, 1, 2, 3, 2, 0, 2, 1, 0, 2, 0, 2]","[0, 2, 1, 2, 0]","{'acc': 0.808, 'auc': 0.846, 'precision': 0.432, 'recall': 0.889, 'F1': 0.581, 'sens': 0.889, 'spec': 0.794, 'ppv': 0.432, 'npv': 0.976, 'b_acc': 0.842}"
107,"[3, 0, 4, 3, 1, 0, 1, 2, 2, 1, 2, 4, 2, 1, 0, 1, 2, 1, 0, 0]","[2, 0, 0, 0, 1]","{'acc': 0.45, 'auc': 0.654, 'precision': 0.207, 'recall': 0.944, 'F1': 0.34, 'sens': 0.944, 'spec': 0.363, 'ppv': 0.207, 'npv': 0.974, 'b_acc': 0.654}"
108,"[3, 0, 4, 4, 2, 0, 1, 0, 0, 0, 1, 4, 2, 0, 0, 0, 0, 3, 2, 2]","[0, 1, 3, 0, 2]","{'acc': 0.908, 'auc': 0.812, 'precision': 0.706, 'recall': 0.667, 'F1': 0.686, 'sens': 0.667, 'spec': 0.951, 'ppv': 0.706, 'npv': 0.942, 'b_acc': 0.809}"
109,"[4, 0, 3, 2, 1, 0, 0, 0, 1, 0, 1, 1, 0, 0, 3, 0, 0, 0, 2, 1]","[2, 1, 1, 1, 2]","{'acc': 0.9, 'auc': 0.877, 'precision': 0.625, 'recall': 0.833, 'F1': 0.714, 'sens': 0.833, 'spec': 0.912, 'ppv': 0.625, 'npv': 0.969, 'b_acc': 0.872}"
1003,"[3, 3, 2, 2, 2, 0, 1, 1, 1, 1, 2, 2, 0, 0, 1, 1, 0, 1, 2, 0]","[0, 1, 0, 2, 1]","{'acc': 0.917, 'auc': 0.886, 'precision': 0.682, 'recall': 0.833, 'F1': 0.75, 'sens': 0.833, 'spec': 0.931, 'ppv': 0.682, 'npv': 0.969, 'b_acc': 0.882}"
110,"[0, 1, 1, 1, 3, 0, 2, 1, 2, 2, 1, 2, 1, 2, 0, 1, 0, 4, 1, 1]","[1, 0, 0, 0, 0]","{'acc': 0.383, 'auc': 0.619, 'precision': 0.189, 'recall': 0.944, 'F1': 0.315, 'sens': 0.944, 'spec': 0.284, 'ppv': 0.189, 'npv': 0.967, 'b_acc': 0.614}"
111,"[3, 1, 2, 5, 2, 0, 2, 0, 2, 0, 2, 2, 0, 0, 1, 2, 1, 3, 0, 2]","[1, 2, 0, 1, 1]","{'acc': 0.867, 'auc': 0.853, 'precision': 0.536, 'recall': 0.833, 'F1': 0.652, 'sens': 0.833, 'spec': 0.873, 'ppv': 0.536, 'npv': 0.967, 'b_acc': 0.853}"
112,"[4, 3, 2, 2, 0, 0, 2, 0, 0, 1, 2, 1, 1, 2, 0, 1, 1, 4, 2, 2]","[2, 0, 3, 2, 2]","{'acc': 0.908, 'auc': 0.792, 'precision': 0.733, 'recall': 0.611, 'F1': 0.666, 'sens': 0.611, 'spec': 0.961, 'ppv': 0.733, 'npv': 0.933, 'b_acc': 0.786}"
113,"[2, 2, 2, 1, 3, 0, 1, 0, 0, 0, 2, 0, 1, 1, 2, 2, 1, 2, 2, 0]","[1, 1, 2, 0, 2]","{'acc': 0.883, 'auc': 0.867, 'precision': 0.577, 'recall': 0.833, 'F1': 0.682, 'sens': 0.833, 'spec': 0.892, 'ppv': 0.577, 'npv': 0.968, 'b_acc': 0.862}"
114,"[1, 1, 4, 1, 0, 0, 2, 2, 0, 0, 1, 2, 2, 1, 1, 2, 0, 4, 1, 0]","[2, 2, 1, 0, 2]","{'acc': 0.892, 'auc': 0.891, 'precision': 0.593, 'recall': 0.889, 'F1': 0.711, 'sens': 0.889, 'spec': 0.892, 'ppv': 0.593, 'npv': 0.978, 'b_acc': 0.891}"
115,"[4, 3, 1, 5, 2, 0, 1, 2, 2, 2, 0, 1, 0, 1, 3, 2, 2, 4, 2, 2]","[1, 1, 3, 1, 2]","{'acc': 0.875, 'auc': 0.881, 'precision': 0.552, 'recall': 0.889, 'F1': 0.681, 'sens': 0.889, 'spec': 0.873, 'ppv': 0.552, 'npv': 0.978, 'b_acc': 0.881}"
116,"[2, 2, 3, 3, 1, 0, 2, 1, 2, 1, 2, 3, 1, 1, 1, 3, 1, 3, 1, 1]","[0, 0, 2, 1, 1]","{'acc': 0.833, 'auc': 0.833, 'precision': 0.469, 'recall': 0.833, 'F1': 0.6, 'sens': 0.833, 'spec': 0.833, 'ppv': 0.469, 'npv': 0.966, 'b_acc': 0.833}"
117,"[3, 2, 1, 0, 1, 0, 2, 1, 1, 1, 1, 3, 1, 0, 1, 1, 1, 2, 2, 1]","[2, 2, 3, 2, 2]","{'acc': 0.925, 'auc': 0.887, 'precision': 0.714, 'recall': 0.833, 'F1': 0.769, 'sens': 0.833, 'spec': 0.941, 'ppv': 0.714, 'npv': 0.97, 'b_acc': 0.887}"
118,"[2, 1, 2, 2, 0, 0, 1, 2, 0, 2, 0, 1, 1, 2, 1, 1, 1, 3, 1, 0]","[2, 2, 0, 1, 2]","{'acc': 0.858, 'auc': 0.848, 'precision': 0.517, 'recall': 0.833, 'F1': 0.638, 'sens': 0.833, 'spec': 0.863, 'ppv': 0.517, 'npv': 0.967, 'b_acc': 0.848}"
119,"[4, 1, 3, 0, 2, 0, 2, 1, 0, 2, 2, 0, 1, 1, 1, 2, 2, 4, 2, 0]","[0, 2, 2, 0, 0]","{'acc': 0.867, 'auc': 0.853, 'precision': 0.536, 'recall': 0.833, 'F1': 0.652, 'sens': 0.833, 'spec': 0.873, 'ppv': 0.536, 'npv': 0.967, 'b_acc': 0.853}"
120,"[3, 2, 0, 5, 1, 0, 1, 1, 1, 2, 0, 0, 0, 0, 0, 1, 2, 3, 0, 1]","[1, 1, 2, 1, 0]","{'acc': 0.925, 'auc': 0.91, 'precision': 0.696, 'recall': 0.889, 'F1': 0.781, 'sens': 0.889, 'spec': 0.931, 'ppv': 0.696, 'npv': 0.979, 'b_acc': 0.91}"
121,"[2, 0, 4, 1, 1, 0, 2, 0, 2, 1, 0, 1, 2, 0, 0, 2, 0, 4, 2, 2]","[1, 0, 1, 1, 1]","{'acc': 0.858, 'auc': 0.844, 'precision': 0.517, 'recall': 0.833, 'F1': 0.638, 'sens': 0.833, 'spec': 0.863, 'ppv': 0.517, 'npv': 0.967, 'b_acc': 0.848}"
122,"[1, 3, 1, 2, 2, 0, 2, 1, 1, 1, 1, 3, 1, 0, 0, 1, 1, 0, 2, 2]","[0, 1, 2, 0, 1]","{'acc': 0.842, 'auc': 0.815, 'precision': 0.483, 'recall': 0.778, 'F1': 0.596, 'sens': 0.778, 'spec': 0.853, 'ppv': 0.483, 'npv': 0.956, 'b_acc': 0.816}"
123,"[1, 2, 1, 5, 3, 0, 0, 1, 1, 2, 1, 4, 0, 1, 2, 3, 1, 4, 1, 1]","[0, 0, 0, 1, 2]","{'acc': 0.892, 'auc': 0.799, 'precision': 0.632, 'recall': 0.667, 'F1': 0.649, 'sens': 0.667, 'spec': 0.931, 'ppv': 0.632, 'npv': 0.941, 'b_acc': 0.799}"
124,"[0, 1, 4, 4, 0, 0, 0, 2, 1, 0, 0, 2, 0, 0, 0, 1, 1, 2, 0, 1]","[0, 1, 3, 0, 1]","{'acc': 0.758, 'auc': 0.789, 'precision': 0.366, 'recall': 0.833, 'F1': 0.509, 'sens': 0.833, 'spec': 0.745, 'ppv': 0.366, 'npv': 0.962, 'b_acc': 0.789}"
125,"[0, 2, 3, 5, 2, 0, 0, 2, 1, 0, 2, 1, 0, 0, 1, 3, 2, 3, 2, 2]","[2, 1, 0, 1, 0]","{'acc': 0.875, 'auc': 0.839, 'precision': 0.56, 'recall': 0.778, 'F1': 0.651, 'sens': 0.778, 'spec': 0.892, 'ppv': 0.56, 'npv': 0.958, 'b_acc': 0.835}"
126,"[4, 2, 4, 2, 3, 0, 0, 2, 2, 0, 1, 2, 0, 2, 1, 1, 1, 4, 2, 1]","[1, 1, 0, 0, 2]","{'acc': 0.9, 'auc': 0.804, 'precision': 0.667, 'recall': 0.667, 'F1': 0.667, 'sens': 0.667, 'spec': 0.941, 'ppv': 0.667, 'npv': 0.941, 'b_acc': 0.804}"
127,"[1, 3, 4, 0, 1, 0, 1, 2, 2, 0, 0, 0, 2, 2, 3, 1, 0, 2, 2, 1]","[0, 0, 0, 0, 0]","{'acc': 0.8, 'auc': 0.748, 'precision': 0.4, 'recall': 0.667, 'F1': 0.5, 'sens': 0.667, 'spec': 0.824, 'ppv': 0.4, 'npv': 0.933, 'b_acc': 0.746}"
128,"[3, 3, 1, 3, 1, 0, 2, 1, 1, 1, 1, 1, 2, 2, 0, 2, 1, 4, 1, 0]","[1, 0, 0, 2, 0]","{'acc': 0.883, 'auc': 0.863, 'precision': 0.577, 'recall': 0.833, 'F1': 0.682, 'sens': 0.833, 'spec': 0.892, 'ppv': 0.577, 'npv': 0.968, 'b_acc': 0.862}"
129,"[1, 1, 2, 1, 1, 0, 2, 2, 2, 2, 0, 2, 0, 0, 0, 3, 2, 1, 2, 2]","[0, 2, 2, 2, 1]","{'acc': 0.883, 'auc': 0.84, 'precision': 0.583, 'recall': 0.778, 'F1': 0.667, 'sens': 0.778, 'spec': 0.902, 'ppv': 0.583, 'npv': 0.958, 'b_acc': 0.84}"
130,"[0, 0, 0, 5, 2, 0, 0, 2, 1, 1, 1, 4, 0, 0, 2, 0, 0, 2, 1, 2]","[2, 0, 0, 1, 1]","{'acc': 0.733, 'auc': 0.729, 'precision': 0.325, 'recall': 0.722, 'F1': 0.448, 'sens': 0.722, 'spec': 0.735, 'ppv': 0.325, 'npv': 0.938, 'b_acc': 0.728}"
131,"[2, 0, 4, 5, 0, 0, 0, 0, 2, 2, 0, 2, 0, 0, 3, 1, 1, 2, 0, 0]","[2, 0, 0, 0, 1]","{'acc': 0.392, 'auc': 0.647, 'precision': 0.198, 'recall': 1.0, 'F1': 0.331, 'sens': 1.0, 'spec': 0.284, 'ppv': 0.198, 'npv': 1.0, 'b_acc': 0.642}"
132,"[2, 1, 4, 5, 3, 0, 0, 1, 2, 2, 2, 4, 2, 2, 3, 3, 1, 1, 0, 2]","[1, 1, 0, 2, 0]","{'acc': 0.708, 'auc': 0.806, 'precision': 0.333, 'recall': 0.944, 'F1': 0.492, 'sens': 0.944, 'spec': 0.667, 'ppv': 0.333, 'npv': 0.986, 'b_acc': 0.806}"
133,"[1, 1, 2, 5, 3, 0, 1, 0, 1, 1, 2, 2, 0, 2, 3, 3, 1, 4, 2, 1]","[0, 0, 0, 0, 1]","{'acc': 0.783, 'auc': 0.758, 'precision': 0.382, 'recall': 0.722, 'F1': 0.5, 'sens': 0.722, 'spec': 0.794, 'ppv': 0.382, 'npv': 0.942, 'b_acc': 0.758}"
134,"[0, 2, 0, 3, 2, 0, 2, 1, 1, 2, 2, 2, 0, 0, 2, 0, 0, 1, 2, 2]","[2, 1, 0, 0, 0]","{'acc': 0.925, 'auc': 0.887, 'precision': 0.714, 'recall': 0.833, 'F1': 0.769, 'sens': 0.833, 'spec': 0.941, 'ppv': 0.714, 'npv': 0.97, 'b_acc': 0.887}"
135,"[4, 1, 4, 4, 3, 0, 2, 0, 0, 2, 0, 2, 2, 0, 3, 2, 1, 4, 0, 1]","[1, 0, 2, 2, 0]","{'acc': 0.825, 'auc': 0.851, 'precision': 0.457, 'recall': 0.889, 'F1': 0.604, 'sens': 0.889, 'spec': 0.814, 'ppv': 0.457, 'npv': 0.976, 'b_acc': 0.851}"
136,"[4, 1, 0, 2, 0, 0, 2, 1, 0, 2, 0, 2, 2, 0, 0, 0, 0, 0, 1, 1]","[1, 0, 2, 0, 0]","{'acc': 0.75, 'auc': 0.693, 'precision': 0.324, 'recall': 0.611, 'F1': 0.423, 'sens': 0.611, 'spec': 0.775, 'ppv': 0.324, 'npv': 0.919, 'b_acc': 0.693}"
137,"[4, 1, 0, 0, 2, 0, 2, 1, 2, 0, 2, 2, 1, 1, 0, 0, 0, 0, 1, 0]","[1, 0, 1, 1, 1]","{'acc': 0.867, 'auc': 0.807, 'precision': 0.542, 'recall': 0.722, 'F1': 0.619, 'sens': 0.722, 'spec': 0.892, 'ppv': 0.542, 'npv': 0.948, 'b_acc': 0.807}"
138,"[0, 2, 1, 3, 0, 0, 0, 0, 0, 0, 2, 3, 0, 2, 1, 2, 0, 4, 0, 1]","[0, 1, 0, 2, 1]","{'acc': 0.9, 'auc': 0.873, 'precision': 0.625, 'recall': 0.833, 'F1': 0.714, 'sens': 0.833, 'spec': 0.912, 'ppv': 0.625, 'npv': 0.969, 'b_acc': 0.872}"
139,"[1, 0, 1, 3, 3, 0, 2, 1, 0, 0, 1, 3, 0, 1, 2, 3, 2, 3, 1, 1]","[1, 2, 1, 0, 0]","{'acc': 0.875, 'auc': 0.858, 'precision': 0.556, 'recall': 0.833, 'F1': 0.667, 'sens': 0.833, 'spec': 0.882, 'ppv': 0.556, 'npv': 0.968, 'b_acc': 0.857}"
1004,"[3, 3, 2, 2, 0, 0, 1, 1, 1, 1, 2, 2, 0, 0, 1, 1, 0, 1, 2, 0]","[0, 1, 0, 2, 1]","{'acc': 0.875, 'auc': 0.862, 'precision': 0.556, 'recall': 0.833, 'F1': 0.667, 'sens': 0.833, 'spec': 0.882, 'ppv': 0.556, 'npv': 0.968, 'b_acc': 0.857}"
140,"[1, 2, 1, 4, 3, 0, 0, 1, 1, 1, 1, 3, 2, 1, 3, 2, 1, 1, 0, 1]","[2, 2, 0, 2, 0]","{'acc': 0.833, 'auc': 0.81, 'precision': 0.467, 'recall': 0.778, 'F1': 0.584, 'sens': 0.778, 'spec': 0.843, 'ppv': 0.467, 'npv': 0.956, 'b_acc': 0.81}"
141,"[4, 3, 3, 3, 2, 0, 0, 1, 2, 2, 1, 0, 0, 0, 2, 2, 1, 4, 1, 0]","[2, 1, 1, 2, 2]","{'acc': 0.792, 'auc': 0.855, 'precision': 0.415, 'recall': 0.944, 'F1': 0.577, 'sens': 0.944, 'spec': 0.765, 'ppv': 0.415, 'npv': 0.987, 'b_acc': 0.854}"
142,"[2, 2, 0, 4, 2, 0, 0, 2, 2, 0, 0, 1, 0, 2, 1, 2, 0, 4, 1, 2]","[1, 0, 0, 0, 2]","{'acc': 0.558, 'auc': 0.653, 'precision': 0.222, 'recall': 0.778, 'F1': 0.345, 'sens': 0.778, 'spec': 0.52, 'ppv': 0.222, 'npv': 0.93, 'b_acc': 0.649}"
143,"[2, 3, 2, 1, 0, 0, 1, 2, 0, 1, 2, 4, 2, 1, 2, 1, 2, 4, 1, 2]","[2, 0, 3, 1, 1]","{'acc': 0.358, 'auc': 0.627, 'precision': 0.189, 'recall': 1.0, 'F1': 0.318, 'sens': 1.0, 'spec': 0.245, 'ppv': 0.189, 'npv': 1.0, 'b_acc': 0.622}"
144,"[0, 1, 4, 4, 1, 0, 2, 1, 0, 1, 0, 2, 1, 1, 1, 0, 1, 3, 1, 0]","[1, 2, 0, 0, 0]","{'acc': 0.792, 'auc': 0.859, 'precision': 0.415, 'recall': 0.944, 'F1': 0.577, 'sens': 0.944, 'spec': 0.765, 'ppv': 0.415, 'npv': 0.987, 'b_acc': 0.854}"
145,"[2, 0, 0, 5, 1, 0, 2, 2, 2, 2, 0, 1, 0, 2, 0, 3, 0, 1, 0, 1]","[1, 1, 1, 1, 1]","{'acc': 0.642, 'auc': 0.766, 'precision': 0.288, 'recall': 0.944, 'F1': 0.441, 'sens': 0.944, 'spec': 0.588, 'ppv': 0.288, 'npv': 0.984, 'b_acc': 0.766}"
146,"[3, 2, 2, 0, 1, 0, 0, 0, 0, 0, 1, 3, 2, 1, 0, 2, 0, 4, 1, 1]","[1, 0, 1, 2, 0]","{'acc': 0.85, 'auc': 0.778, 'precision': 0.5, 'recall': 0.667, 'F1': 0.572, 'sens': 0.667, 'spec': 0.882, 'ppv': 0.5, 'npv': 0.938, 'b_acc': 0.774}"
147,"[3, 1, 1, 0, 2, 0, 2, 0, 2, 2, 1, 0, 0, 2, 0, 2, 2, 4, 1, 1]","[1, 0, 2, 1, 0]","{'acc': 0.767, 'auc': 0.798, 'precision': 0.375, 'recall': 0.833, 'F1': 0.517, 'sens': 0.833, 'spec': 0.755, 'ppv': 0.375, 'npv': 0.962, 'b_acc': 0.794}"
148,"[4, 3, 0, 1, 0, 0, 1, 0, 0, 2, 0, 1, 1, 2, 2, 2, 1, 2, 2, 1]","[2, 1, 2, 1, 2]","{'acc': 0.8, 'auc': 0.818, 'precision': 0.417, 'recall': 0.833, 'F1': 0.556, 'sens': 0.833, 'spec': 0.794, 'ppv': 0.417, 'npv': 0.964, 'b_acc': 0.814}"
149,"[4, 1, 4, 0, 0, 0, 1, 0, 1, 0, 1, 2, 1, 2, 2, 3, 0, 1, 2, 1]","[2, 1, 2, 1, 1]","{'acc': 0.8, 'auc': 0.837, 'precision': 0.421, 'recall': 0.889, 'F1': 0.571, 'sens': 0.889, 'spec': 0.784, 'ppv': 0.421, 'npv': 0.976, 'b_acc': 0.836}"
150,"[3, 3, 1, 1, 2, 0, 0, 0, 1, 2, 2, 4, 2, 1, 0, 1, 0, 0, 1, 0]","[2, 0, 2, 0, 0]","{'acc': 0.492, 'auc': 0.641, 'precision': 0.205, 'recall': 0.833, 'F1': 0.329, 'sens': 0.833, 'spec': 0.431, 'ppv': 0.205, 'npv': 0.936, 'b_acc': 0.632}"
151,"[1, 3, 2, 3, 3, 0, 0, 0, 0, 2, 1, 4, 0, 0, 1, 1, 0, 2, 0, 2]","[2, 2, 3, 1, 2]","{'acc': 0.883, 'auc': 0.89, 'precision': 0.571, 'recall': 0.889, 'F1': 0.695, 'sens': 0.889, 'spec': 0.882, 'ppv': 0.571, 'npv': 0.978, 'b_acc': 0.886}"
152,"[0, 0, 3, 3, 0, 0, 0, 2, 1, 2, 1, 0, 0, 0, 2, 3, 2, 2, 2, 0]","[2, 2, 2, 0, 2]","{'acc': 0.817, 'auc': 0.869, 'precision': 0.447, 'recall': 0.944, 'F1': 0.607, 'sens': 0.944, 'spec': 0.794, 'ppv': 0.447, 'npv': 0.988, 'b_acc': 0.869}"
153,"[1, 2, 0, 1, 1, 0, 2, 0, 0, 0, 1, 3, 1, 0, 0, 3, 2, 4, 1, 1]","[1, 1, 2, 0, 1]","{'acc': 0.925, 'auc': 0.842, 'precision': 0.765, 'recall': 0.722, 'F1': 0.743, 'sens': 0.722, 'spec': 0.961, 'ppv': 0.765, 'npv': 0.951, 'b_acc': 0.841}"
154,"[0, 3, 2, 2, 0, 0, 0, 1, 1, 0, 2, 4, 2, 1, 0, 3, 0, 4, 1, 2]","[2, 0, 2, 1, 0]","{'acc': 0.8, 'auc': 0.699, 'precision': 0.385, 'recall': 0.556, 'F1': 0.455, 'sens': 0.556, 'spec': 0.843, 'ppv': 0.385, 'npv': 0.915, 'b_acc': 0.7}"
155,"[3, 0, 3, 0, 3, 0, 0, 1, 1, 1, 0, 1, 1, 2, 2, 3, 0, 3, 2, 0]","[0, 1, 0, 1, 1]","{'acc': 0.767, 'auc': 0.817, 'precision': 0.381, 'recall': 0.889, 'F1': 0.533, 'sens': 0.889, 'spec': 0.745, 'ppv': 0.381, 'npv': 0.974, 'b_acc': 0.817}"
156,"[2, 3, 2, 1, 0, 0, 2, 1, 1, 0, 0, 4, 2, 1, 0, 0, 2, 4, 1, 1]","[0, 2, 2, 2, 2]","{'acc': 0.867, 'auc': 0.861, 'precision': 0.536, 'recall': 0.833, 'F1': 0.652, 'sens': 0.833, 'spec': 0.873, 'ppv': 0.536, 'npv': 0.967, 'b_acc': 0.853}"
157,"[3, 2, 1, 5, 0, 0, 0, 2, 2, 0, 2, 1, 2, 1, 0, 3, 2, 2, 1, 0]","[0, 0, 1, 2, 0]","{'acc': 0.842, 'auc': 0.701, 'precision': 0.474, 'recall': 0.5, 'F1': 0.487, 'sens': 0.5, 'spec': 0.902, 'ppv': 0.474, 'npv': 0.911, 'b_acc': 0.701}"
158,"[4, 1, 4, 4, 1, 0, 2, 2, 0, 1, 0, 4, 1, 0, 1, 2, 1, 1, 0, 1]","[1, 0, 0, 1, 1]","{'acc': 0.85, 'auc': 0.816, 'precision': 0.5, 'recall': 0.778, 'F1': 0.609, 'sens': 0.778, 'spec': 0.863, 'ppv': 0.5, 'npv': 0.957, 'b_acc': 0.82}"
159,"[2, 2, 0, 1, 0, 0, 2, 1, 2, 0, 0, 2, 1, 2, 1, 2, 1, 2, 1, 2]","[1, 2, 2, 2, 2]","{'acc': 0.883, 'auc': 0.821, 'precision': 0.591, 'recall': 0.722, 'F1': 0.65, 'sens': 0.722, 'spec': 0.912, 'ppv': 0.591, 'npv': 0.949, 'b_acc': 0.817}"
160,"[1, 3, 1, 3, 2, 0, 2, 2, 1, 0, 2, 2, 2, 0, 0, 0, 2, 0, 2, 1]","[1, 2, 2, 2, 0]","{'acc': 0.908, 'auc': 0.923, 'precision': 0.63, 'recall': 0.944, 'F1': 0.756, 'sens': 0.944, 'spec': 0.902, 'ppv': 0.63, 'npv': 0.989, 'b_acc': 0.923}"
161,"[0, 2, 3, 4, 3, 0, 1, 1, 0, 2, 1, 2, 1, 0, 0, 0, 0, 2, 1, 2]","[1, 1, 3, 1, 1]","{'acc': 0.75, 'auc': 0.487, 'precision': 0.125, 'recall': 0.111, 'F1': 0.118, 'sens': 0.111, 'spec': 0.863, 'ppv': 0.125, 'npv': 0.846, 'b_acc': 0.487}"
162,"[3, 2, 0, 4, 1, 0, 2, 2, 1, 2, 1, 3, 0, 2, 0, 0, 1, 1, 0, 0]","[2, 1, 0, 1, 0]","{'acc': 0.875, 'auc': 0.766, 'precision': 0.579, 'recall': 0.611, 'F1': 0.595, 'sens': 0.611, 'spec': 0.922, 'ppv': 0.579, 'npv': 0.931, 'b_acc': 0.766}"
163,"[0, 2, 1, 4, 0, 0, 0, 1, 0, 2, 1, 3, 0, 0, 0, 0, 0, 0, 1, 0]","[1, 1, 3, 0, 2]","{'acc': 0.875, 'auc': 0.789, 'precision': 0.571, 'recall': 0.667, 'F1': 0.615, 'sens': 0.667, 'spec': 0.912, 'ppv': 0.571, 'npv': 0.939, 'b_acc': 0.79}"
164,"[4, 3, 2, 1, 0, 0, 0, 2, 2, 0, 1, 2, 1, 1, 0, 3, 2, 2, 2, 1]","[2, 0, 0, 2, 1]","{'acc': 0.842, 'auc': 0.796, 'precision': 0.481, 'recall': 0.722, 'F1': 0.577, 'sens': 0.722, 'spec': 0.863, 'ppv': 0.481, 'npv': 0.946, 'b_acc': 0.792}"
165,"[2, 0, 2, 2, 1, 0, 2, 1, 1, 2, 1, 0, 2, 2, 3, 3, 1, 2, 0, 2]","[2, 1, 0, 0, 1]","{'acc': 0.8, 'auc': 0.822, 'precision': 0.417, 'recall': 0.833, 'F1': 0.556, 'sens': 0.833, 'spec': 0.794, 'ppv': 0.417, 'npv': 0.964, 'b_acc': 0.814}"
166,"[1, 3, 2, 4, 2, 0, 1, 2, 2, 1, 0, 1, 0, 2, 1, 0, 2, 4, 0, 2]","[2, 1, 3, 2, 1]","{'acc': 0.775, 'auc': 0.747, 'precision': 0.371, 'recall': 0.722, 'F1': 0.49, 'sens': 0.722, 'spec': 0.784, 'ppv': 0.371, 'npv': 0.941, 'b_acc': 0.753}"
167,"[0, 1, 2, 0, 0, 0, 0, 0, 1, 2, 0, 4, 0, 0, 3, 0, 0, 0, 0, 2]","[1, 0, 0, 2, 2]","{'acc': 0.75, 'auc': 0.804, 'precision': 0.364, 'recall': 0.889, 'F1': 0.517, 'sens': 0.889, 'spec': 0.725, 'ppv': 0.364, 'npv': 0.974, 'b_acc': 0.807}"
168,"[2, 0, 0, 2, 3, 0, 1, 2, 0, 2, 2, 3, 1, 0, 3, 2, 0, 3, 2, 2]","[0, 1, 1, 0, 2]","{'acc': 0.183, 'auc': 0.497, 'precision': 0.149, 'recall': 0.944, 'F1': 0.257, 'sens': 0.944, 'spec': 0.049, 'ppv': 0.149, 'npv': 0.833, 'b_acc': 0.496}"
169,"[1, 1, 3, 0, 2, 0, 2, 1, 2, 2, 0, 1, 1, 1, 3, 2, 1, 0, 1, 2]","[1, 2, 1, 2, 1]","{'acc': 0.883, 'auc': 0.817, 'precision': 0.591, 'recall': 0.722, 'F1': 0.65, 'sens': 0.722, 'spec': 0.912, 'ppv': 0.591, 'npv': 0.949, 'b_acc': 0.817}"
1005,"[3, 3, 2, 2, 0, 0, 1, 1, 1, 1, 2, 2, 0, 0, 1, 1, 0, 1, 2, 0]","[0, 1, 0, 2, 1]","{'acc': 0.817, 'auc': 0.855, 'precision': 0.444, 'recall': 0.889, 'F1': 0.592, 'sens': 0.889, 'spec': 0.804, 'ppv': 0.444, 'npv': 0.976, 'b_acc': 0.846}"
170,"[4, 3, 0, 0, 0, 0, 0, 0, 1, 0, 1, 2, 2, 2, 2, 0, 0, 0, 1, 2]","[2, 0, 1, 1, 0]","{'acc': 0.65, 'auc': 0.776, 'precision': 0.293, 'recall': 0.944, 'F1': 0.447, 'sens': 0.944, 'spec': 0.598, 'ppv': 0.293, 'npv': 0.984, 'b_acc': 0.771}"
171,"[0, 3, 3, 4, 0, 0, 2, 0, 0, 2, 2, 3, 0, 0, 2, 3, 0, 3, 0, 1]","[0, 0, 2, 0, 2]","{'acc': 0.667, 'auc': 0.716, 'precision': 0.28, 'recall': 0.778, 'F1': 0.412, 'sens': 0.778, 'spec': 0.647, 'ppv': 0.28, 'npv': 0.943, 'b_acc': 0.712}"
172,"[2, 2, 0, 1, 3, 0, 2, 0, 0, 0, 1, 2, 2, 2, 1, 2, 0, 2, 2, 0]","[1, 2, 3, 0, 2]","{'acc': 0.85, 'auc': 0.866, 'precision': 0.5, 'recall': 0.889, 'F1': 0.64, 'sens': 0.889, 'spec': 0.843, 'ppv': 0.5, 'npv': 0.977, 'b_acc': 0.866}"
173,"[1, 1, 1, 5, 0, 0, 1, 2, 1, 1, 2, 0, 0, 2, 3, 2, 0, 2, 1, 0]","[1, 2, 2, 0, 2]","{'acc': 0.917, 'auc': 0.837, 'precision': 0.722, 'recall': 0.722, 'F1': 0.722, 'sens': 0.722, 'spec': 0.951, 'ppv': 0.722, 'npv': 0.951, 'b_acc': 0.836}"
174,"[2, 1, 4, 0, 2, 0, 0, 2, 0, 0, 0, 2, 0, 1, 0, 0, 0, 1, 1, 0]","[0, 2, 1, 0, 0]","{'acc': 0.725, 'auc': 0.797, 'precision': 0.34, 'recall': 0.889, 'F1': 0.492, 'sens': 0.889, 'spec': 0.696, 'ppv': 0.34, 'npv': 0.973, 'b_acc': 0.792}"
175,"[1, 2, 0, 0, 1, 0, 0, 0, 0, 1, 2, 2, 0, 1, 0, 0, 0, 2, 1, 2]","[0, 1, 1, 2, 2]","{'acc': 0.775, 'auc': 0.685, 'precision': 0.345, 'recall': 0.556, 'F1': 0.426, 'sens': 0.556, 'spec': 0.814, 'ppv': 0.345, 'npv': 0.912, 'b_acc': 0.685}"
176,"[3, 0, 1, 3, 2, 0, 0, 0, 0, 1, 1, 0, 0, 0, 3, 2, 0, 0, 1, 0]","[2, 0, 0, 1, 2]","{'acc': 0.75, 'auc': 0.693, 'precision': 0.324, 'recall': 0.611, 'F1': 0.423, 'sens': 0.611, 'spec': 0.775, 'ppv': 0.324, 'npv': 0.919, 'b_acc': 0.693}"
177,"[3, 2, 3, 4, 0, 0, 1, 1, 1, 1, 2, 0, 2, 0, 2, 0, 0, 2, 1, 0]","[0, 0, 2, 1, 2]","{'acc': 0.883, 'auc': 0.863, 'precision': 0.577, 'recall': 0.833, 'F1': 0.682, 'sens': 0.833, 'spec': 0.892, 'ppv': 0.577, 'npv': 0.968, 'b_acc': 0.862}"
178,"[1, 0, 3, 1, 2, 0, 1, 1, 0, 1, 1, 3, 2, 0, 0, 1, 2, 2, 1, 0]","[0, 1, 3, 1, 0]","{'acc': 0.892, 'auc': 0.849, 'precision': 0.609, 'recall': 0.778, 'F1': 0.683, 'sens': 0.778, 'spec': 0.912, 'ppv': 0.609, 'npv': 0.959, 'b_acc': 0.845}"
179,"[0, 1, 4, 0, 2, 0, 1, 1, 2, 0, 2, 1, 0, 0, 0, 2, 0, 2, 2, 0]","[1, 0, 2, 1, 1]","{'acc': 0.542, 'auc': 0.666, 'precision': 0.224, 'recall': 0.833, 'F1': 0.353, 'sens': 0.833, 'spec': 0.49, 'ppv': 0.224, 'npv': 0.943, 'b_acc': 0.662}"
180,"[1, 2, 2, 5, 1, 0, 2, 1, 0, 2, 2, 3, 1, 1, 2, 2, 0, 4, 2, 2]","[0, 1, 3, 0, 1]","{'acc': 0.858, 'auc': 0.88, 'precision': 0.516, 'recall': 0.889, 'F1': 0.653, 'sens': 0.889, 'spec': 0.853, 'ppv': 0.516, 'npv': 0.978, 'b_acc': 0.871}"
181,"[4, 0, 0, 1, 1, 0, 1, 2, 2, 1, 1, 2, 1, 0, 1, 2, 0, 4, 1, 2]","[0, 1, 1, 1, 0]","{'acc': 0.458, 'auc': 0.636, 'precision': 0.203, 'recall': 0.889, 'F1': 0.331, 'sens': 0.889, 'spec': 0.382, 'ppv': 0.203, 'npv': 0.951, 'b_acc': 0.636}"
182,"[3, 0, 1, 1, 1, 0, 2, 2, 0, 0, 0, 2, 1, 1, 2, 3, 1, 1, 2, 1]","[0, 0, 2, 0, 2]","{'acc': 0.808, 'auc': 0.796, 'precision': 0.424, 'recall': 0.778, 'F1': 0.549, 'sens': 0.778, 'spec': 0.814, 'ppv': 0.424, 'npv': 0.954, 'b_acc': 0.796}"
183,"[0, 1, 3, 3, 0, 0, 1, 2, 0, 1, 2, 1, 0, 0, 2, 0, 2, 3, 2, 2]","[2, 0, 0, 0, 2]","{'acc': 0.4, 'auc': 0.652, 'precision': 0.2, 'recall': 1.0, 'F1': 0.333, 'sens': 1.0, 'spec': 0.294, 'ppv': 0.2, 'npv': 1.0, 'b_acc': 0.647}"
184,"[2, 3, 2, 5, 2, 0, 0, 2, 2, 1, 1, 3, 0, 0, 3, 3, 0, 0, 0, 2]","[2, 2, 3, 0, 0]","{'acc': 0.867, 'auc': 0.876, 'precision': 0.533, 'recall': 0.889, 'F1': 0.666, 'sens': 0.889, 'spec': 0.863, 'ppv': 0.533, 'npv': 0.978, 'b_acc': 0.876}"
185,"[1, 1, 3, 4, 1, 0, 0, 1, 1, 0, 2, 4, 0, 2, 1, 0, 1, 3, 0, 2]","[2, 1, 1, 0, 0]","{'acc': 0.833, 'auc': 0.761, 'precision': 0.462, 'recall': 0.667, 'F1': 0.546, 'sens': 0.667, 'spec': 0.863, 'ppv': 0.462, 'npv': 0.936, 'b_acc': 0.765}"
186,"[4, 3, 1, 5, 0, 0, 2, 2, 0, 1, 2, 3, 2, 1, 0, 0, 1, 4, 0, 0]","[0, 2, 0, 0, 2]","{'acc': 0.908, 'auc': 0.877, 'precision': 0.652, 'recall': 0.833, 'F1': 0.731, 'sens': 0.833, 'spec': 0.922, 'ppv': 0.652, 'npv': 0.969, 'b_acc': 0.878}"
187,"[0, 1, 0, 5, 3, 0, 0, 1, 1, 0, 1, 0, 1, 1, 1, 2, 2, 1, 1, 0]","[2, 0, 3, 0, 1]","{'acc': 0.442, 'auc': 0.607, 'precision': 0.19, 'recall': 0.833, 'F1': 0.309, 'sens': 0.833, 'spec': 0.373, 'ppv': 0.19, 'npv': 0.927, 'b_acc': 0.603}"
188,"[2, 3, 0, 4, 2, 0, 1, 2, 2, 1, 0, 0, 2, 2, 0, 2, 1, 0, 2, 1]","[0, 2, 1, 0, 1]","{'acc': 0.892, 'auc': 0.799, 'precision': 0.632, 'recall': 0.667, 'F1': 0.649, 'sens': 0.667, 'spec': 0.931, 'ppv': 0.632, 'npv': 0.941, 'b_acc': 0.799}"
189,"[2, 2, 1, 2, 0, 0, 1, 1, 0, 1, 1, 2, 0, 2, 1, 0, 2, 4, 0, 1]","[0, 1, 3, 1, 2]","{'acc': 0.742, 'auc': 0.794, 'precision': 0.356, 'recall': 0.889, 'F1': 0.508, 'sens': 0.889, 'spec': 0.716, 'ppv': 0.356, 'npv': 0.973, 'b_acc': 0.802}"
190,"[4, 2, 3, 0, 1, 0, 0, 0, 2, 2, 1, 3, 1, 2, 3, 3, 0, 0, 2, 0]","[2, 0, 1, 0, 1]","{'acc': 0.358, 'auc': 0.627, 'precision': 0.189, 'recall': 1.0, 'F1': 0.318, 'sens': 1.0, 'spec': 0.245, 'ppv': 0.189, 'npv': 1.0, 'b_acc': 0.622}"
191,"[2, 1, 0, 1, 0, 0, 0, 0, 1, 1, 2, 1, 2, 1, 1, 2, 0, 3, 0, 0]","[0, 2, 0, 2, 0]","{'acc': 0.867, 'auc': 0.857, 'precision': 0.536, 'recall': 0.833, 'F1': 0.652, 'sens': 0.833, 'spec': 0.873, 'ppv': 0.536, 'npv': 0.967, 'b_acc': 0.853}"
192,"[3, 2, 0, 0, 3, 0, 2, 0, 2, 1, 0, 3, 2, 1, 3, 3, 2, 1, 0, 2]","[2, 0, 1, 2, 0]","{'acc': 0.742, 'auc': 0.779, 'precision': 0.349, 'recall': 0.833, 'F1': 0.492, 'sens': 0.833, 'spec': 0.725, 'ppv': 0.349, 'npv': 0.961, 'b_acc': 0.779}"
193,"[3, 2, 3, 4, 2, 0, 2, 2, 1, 2, 0, 4, 2, 1, 3, 2, 2, 1, 1, 0]","[0, 0, 0, 0, 1]","{'acc': 0.825, 'auc': 0.67, 'precision': 0.421, 'recall': 0.444, 'F1': 0.432, 'sens': 0.444, 'spec': 0.892, 'ppv': 0.421, 'npv': 0.901, 'b_acc': 0.668}"
194,"[0, 1, 2, 5, 2, 0, 0, 2, 0, 2, 0, 0, 0, 2, 2, 1, 0, 1, 0, 2]","[2, 1, 0, 1, 0]","{'acc': 0.925, 'auc': 0.842, 'precision': 0.765, 'recall': 0.722, 'F1': 0.743, 'sens': 0.722, 'spec': 0.961, 'ppv': 0.765, 'npv': 0.951, 'b_acc': 0.841}"
195,"[4, 3, 0, 3, 1, 0, 1, 2, 0, 0, 2, 3, 2, 0, 0, 1, 2, 0, 1, 0]","[1, 1, 0, 0, 0]","{'acc': 0.933, 'auc': 0.892, 'precision': 0.75, 'recall': 0.833, 'F1': 0.789, 'sens': 0.833, 'spec': 0.951, 'ppv': 0.75, 'npv': 0.97, 'b_acc': 0.892}"
196,"[0, 2, 4, 4, 1, 0, 2, 2, 1, 2, 2, 3, 0, 0, 1, 3, 0, 1, 0, 1]","[1, 1, 1, 1, 0]","{'acc': 0.783, 'auc': 0.461, 'precision': 0.0, 'recall': 0.0, 'F1': 0, 'sens': 0.0, 'spec': 0.922, 'ppv': 0.0, 'npv': 0.839, 'b_acc': 0.461}"
197,"[4, 3, 2, 2, 2, 0, 2, 1, 0, 1, 1, 0, 2, 1, 0, 2, 0, 1, 1, 1]","[1, 2, 0, 1, 1]","{'acc': 0.9, 'auc': 0.873, 'precision': 0.625, 'recall': 0.833, 'F1': 0.714, 'sens': 0.833, 'spec': 0.912, 'ppv': 0.625, 'npv': 0.969, 'b_acc': 0.872}"
198,"[1, 1, 0, 0, 1, 0, 2, 0, 1, 1, 1, 3, 2, 2, 2, 3, 1, 3, 2, 2]","[1, 1, 3, 2, 2]","{'acc': 0.933, 'auc': 0.873, 'precision': 0.778, 'recall': 0.778, 'F1': 0.778, 'sens': 0.778, 'spec': 0.961, 'ppv': 0.778, 'npv': 0.961, 'b_acc': 0.869}"
199,"[4, 1, 2, 3, 1, 0, 1, 1, 2, 1, 2, 1, 1, 2, 1, 3, 2, 2, 2, 2]","[1, 0, 2, 0, 0]","{'acc': 0.408, 'auc': 0.652, 'precision': 0.202, 'recall': 1.0, 'F1': 0.336, 'sens': 1.0, 'spec': 0.304, 'ppv': 0.202, 'npv': 1.0, 'b_acc': 0.652}"
1006,"[3, 3, 2, 2, 0, 0, 1, 1, 1, 1, 2, 2, 0, 0, 1, 2, 0, 1, 2, 0]","[0, 1, 0, 2, 1]","{'acc': 0.9, 'auc': 0.873, 'precision': 0.625, 'recall': 0.833, 'F1': 0.714, 'sens': 0.833, 'spec': 0.912, 'ppv': 0.625, 'npv': 0.969, 'b_acc': 0.872}"
200,"[3, 0, 4, 5, 2, 0, 1, 2, 0, 0, 0, 3, 2, 1, 3, 1, 2, 1, 1, 2]","[1, 1, 2, 2, 1]","{'acc': 0.85, 'auc': 0.866, 'precision': 0.5, 'recall': 0.889, 'F1': 0.64, 'sens': 0.889, 'spec': 0.843, 'ppv': 0.5, 'npv': 0.977, 'b_acc': 0.866}"
201,"[1, 3, 3, 2, 2, 0, 2, 1, 2, 1, 0, 3, 1, 2, 1, 1, 0, 4, 0, 1]","[0, 2, 3, 1, 0]","{'acc': 0.917, 'auc': 0.882, 'precision': 0.682, 'recall': 0.833, 'F1': 0.75, 'sens': 0.833, 'spec': 0.931, 'ppv': 0.682, 'npv': 0.969, 'b_acc': 0.882}"
202,"[1, 0, 1, 5, 3, 0, 2, 2, 0, 0, 1, 1, 0, 0, 3, 3, 2, 1, 2, 1]","[0, 2, 3, 1, 1]","{'acc': 0.758, 'auc': 0.812, 'precision': 0.372, 'recall': 0.889, 'F1': 0.525, 'sens': 0.889, 'spec': 0.735, 'ppv': 0.372, 'npv': 0.974, 'b_acc': 0.812}"
203,"[0, 1, 1, 2, 3, 0, 2, 2, 0, 0, 0, 4, 1, 1, 2, 2, 2, 3, 2, 0]","[0, 2, 0, 0, 1]","{'acc': 0.883, 'auc': 0.863, 'precision': 0.577, 'recall': 0.833, 'F1': 0.682, 'sens': 0.833, 'spec': 0.892, 'ppv': 0.577, 'npv': 0.968, 'b_acc': 0.862}"
204,"[4, 1, 0, 0, 1, 0, 2, 2, 1, 1, 1, 1, 2, 2, 0, 0, 1, 1, 1, 0]","[0, 1, 0, 2, 0]","{'acc': 0.783, 'auc': 0.827, 'precision': 0.4, 'recall': 0.889, 'F1': 0.552, 'sens': 0.889, 'spec': 0.765, 'ppv': 0.4, 'npv': 0.975, 'b_acc': 0.827}"
205,"[4, 2, 0, 3, 1, 0, 0, 2, 2, 0, 0, 1, 1, 1, 1, 1, 2, 2, 2, 2]","[0, 2, 3, 2, 2]","{'acc': 0.892, 'auc': 0.891, 'precision': 0.593, 'recall': 0.889, 'F1': 0.711, 'sens': 0.889, 'spec': 0.892, 'ppv': 0.593, 'npv': 0.978, 'b_acc': 0.891}"
206,"[3, 0, 4, 2, 1, 0, 0, 1, 0, 0, 2, 4, 0, 0, 2, 0, 1, 4, 2, 1]","[0, 0, 2, 2, 1]","{'acc': 0.883, 'auc': 0.84, 'precision': 0.583, 'recall': 0.778, 'F1': 0.667, 'sens': 0.778, 'spec': 0.902, 'ppv': 0.583, 'npv': 0.958, 'b_acc': 0.84}"
207,"[4, 0, 4, 2, 0, 0, 1, 2, 0, 2, 1, 2, 2, 0, 2, 1, 1, 0, 1, 1]","[0, 2, 1, 2, 0]","{'acc': 0.925, 'auc': 0.887, 'precision': 0.714, 'recall': 0.833, 'F1': 0.769, 'sens': 0.833, 'spec': 0.941, 'ppv': 0.714, 'npv': 0.97, 'b_acc': 0.887}"
208,"[2, 0, 2, 3, 1, 0, 0, 2, 0, 2, 0, 2, 0, 0, 2, 2, 2, 4, 0, 2]","[2, 1, 2, 1, 0]","{'acc': 0.883, 'auc': 0.863, 'precision': 0.577, 'recall': 0.833, 'F1': 0.682, 'sens': 0.833, 'spec': 0.892, 'ppv': 0.577, 'npv': 0.968, 'b_acc': 0.862}"
209,"[1, 2, 4, 2, 2, 0, 1, 0, 1, 0, 2, 1, 2, 0, 1, 3, 0, 3, 1, 2]","[0, 0, 0, 0, 0]","{'acc': 0.833, 'auc': 0.856, 'precision': 0.471, 'recall': 0.889, 'F1': 0.616, 'sens': 0.889, 'spec': 0.824, 'ppv': 0.471, 'npv': 0.977, 'b_acc': 0.856}"
210,"[3, 1, 1, 1, 3, 0, 0, 0, 0, 0, 1, 4, 2, 2, 0, 0, 2, 1, 1, 0]","[1, 0, 3, 0, 2]","{'acc': 0.7, 'auc': 0.678, 'precision': 0.286, 'recall': 0.667, 'F1': 0.4, 'sens': 0.667, 'spec': 0.706, 'ppv': 0.286, 'npv': 0.923, 'b_acc': 0.686}"
211,"[4, 2, 3, 5, 3, 0, 2, 0, 0, 2, 2, 4, 1, 0, 2, 2, 2, 2, 0, 2]","[1, 1, 0, 1, 0]","{'acc': 0.908, 'auc': 0.882, 'precision': 0.652, 'recall': 0.833, 'F1': 0.731, 'sens': 0.833, 'spec': 0.922, 'ppv': 0.652, 'npv': 0.969, 'b_acc': 0.878}"
212,"[4, 3, 3, 3, 0, 0, 0, 1, 2, 0, 1, 1, 0, 0, 0, 2, 2, 0, 1, 2]","[2, 0, 0, 2, 1]","{'acc': 0.742, 'auc': 0.802, 'precision': 0.356, 'recall': 0.889, 'F1': 0.508, 'sens': 0.889, 'spec': 0.716, 'ppv': 0.356, 'npv': 0.973, 'b_acc': 0.802}"
213,"[3, 0, 0, 4, 2, 0, 2, 0, 0, 0, 2, 4, 0, 2, 1, 1, 0, 4, 2, 1]","[1, 0, 2, 2, 0]","{'acc': 0.883, 'auc': 0.84, 'precision': 0.583, 'recall': 0.778, 'F1': 0.667, 'sens': 0.778, 'spec': 0.902, 'ppv': 0.583, 'npv': 0.958, 'b_acc': 0.84}"
214,"[4, 2, 0, 3, 2, 0, 0, 1, 1, 1, 1, 2, 2, 2, 2, 2, 2, 0, 0, 2]","[0, 1, 1, 0, 1]","{'acc': 0.883, 'auc': 0.705, 'precision': 0.667, 'recall': 0.444, 'F1': 0.533, 'sens': 0.444, 'spec': 0.961, 'ppv': 0.667, 'npv': 0.907, 'b_acc': 0.702}"
215,"[2, 0, 3, 3, 3, 0, 2, 0, 1, 1, 0, 0, 1, 1, 0, 2, 0, 2, 1, 2]","[1, 0, 3, 2, 2]","{'acc': 0.9, 'auc': 0.827, 'precision': 0.65, 'recall': 0.722, 'F1': 0.684, 'sens': 0.722, 'spec': 0.931, 'ppv': 0.65, 'npv': 0.95, 'b_acc': 0.826}"
216,"[1, 3, 1, 4, 2, 0, 2, 1, 1, 0, 0, 2, 0, 2, 0, 3, 0, 0, 2, 2]","[1, 2, 1, 2, 1]","{'acc': 0.858, 'auc': 0.779, 'precision': 0.522, 'recall': 0.667, 'F1': 0.586, 'sens': 0.667, 'spec': 0.892, 'ppv': 0.522, 'npv': 0.938, 'b_acc': 0.78}"
217,"[0, 3, 3, 2, 0, 0, 2, 2, 2, 2, 2, 2, 0, 0, 2, 1, 2, 2, 0, 1]","[0, 0, 0, 0, 1]","{'acc': 0.867, 'auc': 0.761, 'precision': 0.55, 'recall': 0.611, 'F1': 0.579, 'sens': 0.611, 'spec': 0.912, 'ppv': 0.55, 'npv': 0.93, 'b_acc': 0.762}"
218,"[4, 3, 3, 4, 0, 0, 2, 1, 0, 1, 0, 1, 0, 0, 3, 0, 2, 3, 0, 2]","[0, 1, 0, 2, 2]","{'acc': 0.775, 'auc': 0.826, 'precision': 0.39, 'recall': 0.889, 'F1': 0.542, 'sens': 0.889, 'spec': 0.755, 'ppv': 0.39, 'npv': 0.975, 'b_acc': 0.822}"
219,"[4, 3, 2, 3, 2, 0, 0, 0, 2, 1, 2, 1, 2, 1, 1, 0, 2, 4, 0, 1]","[1, 1, 2, 2, 1]","{'acc': 0.908, 'auc': 0.858, 'precision': 0.667, 'recall': 0.778, 'F1': 0.718, 'sens': 0.778, 'spec': 0.931, 'ppv': 0.667, 'npv': 0.96, 'b_acc': 0.854}"
220,"[2, 1, 4, 2, 2, 0, 0, 2, 2, 0, 1, 2, 2, 2, 0, 3, 2, 2, 1, 0]","[1, 1, 1, 0, 2]","{'acc': 0.867, 'auc': 0.83, 'precision': 0.538, 'recall': 0.778, 'F1': 0.636, 'sens': 0.778, 'spec': 0.882, 'ppv': 0.538, 'npv': 0.957, 'b_acc': 0.83}"
221,"[4, 2, 3, 5, 0, 0, 0, 2, 1, 1, 0, 1, 0, 1, 1, 0, 2, 0, 0, 0]","[2, 0, 1, 1, 0]","{'acc': 0.758, 'auc': 0.678, 'precision': 0.323, 'recall': 0.556, 'F1': 0.409, 'sens': 0.556, 'spec': 0.794, 'ppv': 0.323, 'npv': 0.91, 'b_acc': 0.675}"
222,"[2, 0, 4, 0, 2, 0, 2, 0, 2, 0, 0, 0, 2, 2, 0, 1, 0, 0, 2, 1]","[1, 1, 2, 1, 1]","{'acc': 0.792, 'auc': 0.821, 'precision': 0.405, 'recall': 0.833, 'F1': 0.545, 'sens': 0.833, 'spec': 0.784, 'ppv': 0.405, 'npv': 0.964, 'b_acc': 0.808}"
223,"[4, 0, 1, 1, 0, 0, 2, 2, 0, 1, 1, 2, 0, 1, 1, 2, 0, 3, 1, 1]","[2, 0, 1, 0, 2]","{'acc': 0.442, 'auc': 0.607, 'precision': 0.19, 'recall': 0.833, 'F1': 0.309, 'sens': 0.833, 'spec': 0.373, 'ppv': 0.19, 'npv': 0.927, 'b_acc': 0.603}"
224,"[3, 1, 4, 3, 2, 0, 1, 2, 1, 2, 2, 0, 2, 2, 2, 1, 0, 0, 0, 0]","[1, 1, 2, 2, 0]","{'acc': 0.883, 'auc': 0.882, 'precision': 0.571, 'recall': 0.889, 'F1': 0.695, 'sens': 0.889, 'spec': 0.882, 'ppv': 0.571, 'npv': 0.978, 'b_acc': 0.886}"
225,"[4, 2, 4, 5, 1, 0, 0, 2, 0, 0, 0, 0, 2, 0, 1, 2, 1, 4, 0, 0]","[0, 0, 2, 0, 2]","{'acc': 0.742, 'auc': 0.783, 'precision': 0.349, 'recall': 0.833, 'F1': 0.492, 'sens': 0.833, 'spec': 0.725, 'ppv': 0.349, 'npv': 0.961, 'b_acc': 0.779}"
226,"[4, 3, 2, 2, 0, 0, 2, 0, 0, 0, 0, 0, 0, 0, 1, 3, 1, 3, 2, 1]","[0, 2, 3, 2, 1]","{'acc': 0.825, 'auc': 0.828, 'precision': 0.455, 'recall': 0.833, 'F1': 0.589, 'sens': 0.833, 'spec': 0.824, 'ppv': 0.455, 'npv': 0.966, 'b_acc': 0.828}"
227,"[3, 0, 2, 1, 0, 0, 0, 2, 0, 0, 1, 4, 1, 2, 1, 0, 1, 1, 1, 0]","[0, 1, 1, 2, 1]","{'acc': 0.717, 'auc': 0.742, 'precision': 0.318, 'recall': 0.778, 'F1': 0.451, 'sens': 0.778, 'spec': 0.706, 'ppv': 0.318, 'npv': 0.947, 'b_acc': 0.742}"
228,"[4, 0, 0, 0, 2, 0, 0, 1, 2, 2, 2, 2, 0, 2, 2, 0, 2, 1, 2, 2]","[1, 0, 2, 1, 1]","{'acc': 0.842, 'auc': 0.77, 'precision': 0.48, 'recall': 0.667, 'F1': 0.558, 'sens': 0.667, 'spec': 0.873, 'ppv': 0.48, 'npv': 0.937, 'b_acc': 0.77}"
229,"[0, 2, 0, 5, 3, 0, 2, 2, 0, 0, 1, 2, 0, 0, 1, 2, 2, 2, 2, 2]","[1, 1, 0, 1, 0]","{'acc': 0.917, 'auc': 0.882, 'precision': 0.682, 'recall': 0.833, 'F1': 0.75, 'sens': 0.833, 'spec': 0.931, 'ppv': 0.682, 'npv': 0.969, 'b_acc': 0.882}"
1007,"[3, 3, 2, 2, 0, 0, 1, 1, 1, 1, 2, 2, 0, 0, 1, 2, 0, 1, 2, 0]","[0, 1, 0, 2, 1]","{'acc': 0.875, 'auc': 0.889, 'precision': 0.552, 'recall': 0.889, 'F1': 0.681, 'sens': 0.889, 'spec': 0.873, 'ppv': 0.552, 'npv': 0.978, 'b_acc': 0.881}"
230,"[4, 1, 4, 2, 1, 0, 1, 1, 1, 1, 0, 3, 1, 0, 2, 2, 2, 1, 1, 0]","[1, 2, 3, 2, 1]","{'acc': 0.917, 'auc': 0.914, 'precision': 0.667, 'recall': 0.889, 'F1': 0.762, 'sens': 0.889, 'spec': 0.922, 'ppv': 0.667, 'npv': 0.979, 'b_acc': 0.906}"
231,"[0, 0, 0, 3, 1, 0, 1, 2, 1, 2, 2, 0, 1, 1, 0, 3, 0, 2, 1, 1]","[1, 2, 3, 0, 0]","{'acc': 0.875, 'auc': 0.877, 'precision': 0.552, 'recall': 0.889, 'F1': 0.681, 'sens': 0.889, 'spec': 0.873, 'ppv': 0.552, 'npv': 0.978, 'b_acc': 0.881}"
232,"[0, 1, 1, 2, 0, 0, 2, 1, 0, 0, 0, 1, 1, 2, 0, 2, 0, 3, 2, 0]","[1, 0, 3, 2, 1]","{'acc': 0.808, 'auc': 0.823, 'precision': 0.429, 'recall': 0.833, 'F1': 0.566, 'sens': 0.833, 'spec': 0.804, 'ppv': 0.429, 'npv': 0.965, 'b_acc': 0.818}"
233,"[0, 0, 0, 0, 2, 0, 0, 2, 0, 1, 1, 0, 0, 2, 3, 1, 1, 1, 0, 2]","[2, 0, 2, 1, 1]","{'acc': 0.617, 'auc': 0.614, 'precision': 0.22, 'recall': 0.611, 'F1': 0.324, 'sens': 0.611, 'spec': 0.618, 'ppv': 0.22, 'npv': 0.9, 'b_acc': 0.614}"
234,"[3, 3, 0, 4, 1, 0, 1, 2, 0, 2, 0, 1, 1, 1, 1, 3, 1, 1, 2, 0]","[0, 0, 1, 0, 1]","{'acc': 0.817, 'auc': 0.801, 'precision': 0.438, 'recall': 0.778, 'F1': 0.56, 'sens': 0.778, 'spec': 0.824, 'ppv': 0.438, 'npv': 0.955, 'b_acc': 0.801}"
235,"[0, 2, 1, 2, 2, 0, 0, 0, 2, 1, 1, 2, 2, 1, 3, 0, 2, 1, 1, 0]","[0, 2, 3, 2, 0]","{'acc': 0.9, 'auc': 0.853, 'precision': 0.636, 'recall': 0.778, 'F1': 0.7, 'sens': 0.778, 'spec': 0.922, 'ppv': 0.636, 'npv': 0.959, 'b_acc': 0.85}"
236,"[4, 0, 3, 5, 1, 0, 1, 2, 2, 1, 2, 2, 1, 1, 0, 3, 1, 4, 0, 0]","[0, 1, 3, 1, 1]","{'acc': 0.9, 'auc': 0.85, 'precision': 0.636, 'recall': 0.778, 'F1': 0.7, 'sens': 0.778, 'spec': 0.922, 'ppv': 0.636, 'npv': 0.959, 'b_acc': 0.85}"
237,"[3, 1, 0, 5, 0, 0, 2, 0, 2, 1, 1, 4, 1, 2, 2, 1, 1, 3, 0, 0]","[2, 2, 1, 2, 0]","{'acc': 0.925, 'auc': 0.887, 'precision': 0.714, 'recall': 0.833, 'F1': 0.769, 'sens': 0.833, 'spec': 0.941, 'ppv': 0.714, 'npv': 0.97, 'b_acc': 0.887}"
238,"[2, 2, 1, 2, 2, 0, 1, 1, 2, 1, 2, 4, 0, 1, 3, 2, 2, 2, 1, 1]","[2, 2, 1, 1, 2]","{'acc': 0.917, 'auc': 0.907, 'precision': 0.667, 'recall': 0.889, 'F1': 0.762, 'sens': 0.889, 'spec': 0.922, 'ppv': 0.667, 'npv': 0.979, 'b_acc': 0.906}"
239,"[0, 0, 2, 4, 2, 0, 1, 0, 0, 0, 2, 0, 0, 1, 1, 0, 2, 0, 2, 2]","[2, 2, 1, 2, 0]","{'acc': 0.825, 'auc': 0.833, 'precision': 0.455, 'recall': 0.833, 'F1': 0.589, 'sens': 0.833, 'spec': 0.824, 'ppv': 0.455, 'npv': 0.966, 'b_acc': 0.828}"
240,"[4, 3, 2, 1, 1, 0, 1, 1, 1, 0, 2, 3, 1, 1, 1, 1, 2, 2, 2, 2]","[0, 0, 2, 1, 0]","{'acc': 0.858, 'auc': 0.825, 'precision': 0.519, 'recall': 0.778, 'F1': 0.623, 'sens': 0.778, 'spec': 0.873, 'ppv': 0.519, 'npv': 0.957, 'b_acc': 0.826}"
241,"[3, 3, 1, 1, 0, 0, 1, 0, 1, 0, 1, 3, 1, 1, 2, 0, 0, 1, 2, 0]","[1, 2, 0, 0, 0]","{'acc': 0.767, 'auc': 0.817, 'precision': 0.381, 'recall': 0.889, 'F1': 0.533, 'sens': 0.889, 'spec': 0.745, 'ppv': 0.381, 'npv': 0.974, 'b_acc': 0.817}"
242,"[2, 1, 4, 3, 0, 0, 2, 0, 2, 0, 1, 3, 1, 2, 3, 2, 2, 4, 0, 2]","[2, 0, 2, 2, 2]","{'acc': 0.858, 'auc': 0.825, 'precision': 0.519, 'recall': 0.778, 'F1': 0.623, 'sens': 0.778, 'spec': 0.873, 'ppv': 0.519, 'npv': 0.957, 'b_acc': 0.826}"
243,"[2, 3, 1, 1, 1, 0, 0, 1, 1, 2, 2, 0, 2, 2, 1, 1, 1, 1, 0, 0]","[1, 1, 0, 1, 0]","{'acc': 0.908, 'auc': 0.858, 'precision': 0.667, 'recall': 0.778, 'F1': 0.718, 'sens': 0.778, 'spec': 0.931, 'ppv': 0.667, 'npv': 0.96, 'b_acc': 0.854}"
244,"[0, 3, 2, 2, 0, 0, 0, 0, 2, 0, 1, 3, 0, 2, 0, 0, 2, 4, 0, 0]","[0, 1, 0, 1, 0]","{'acc': 0.883, 'auc': 0.797, 'precision': 0.6, 'recall': 0.667, 'F1': 0.632, 'sens': 0.667, 'spec': 0.922, 'ppv': 0.6, 'npv': 0.94, 'b_acc': 0.794}"
245,"[2, 1, 4, 3, 1, 0, 1, 1, 2, 0, 0, 3, 1, 1, 3, 1, 2, 0, 1, 0]","[0, 0, 3, 2, 0]","{'acc': 0.833, 'auc': 0.861, 'precision': 0.471, 'recall': 0.889, 'F1': 0.616, 'sens': 0.889, 'spec': 0.824, 'ppv': 0.471, 'npv': 0.977, 'b_acc': 0.856}"
